StartTime;LastResetTime;CurrentTime;ElapsedTime(P);ElapsedTime(C);TargetRate;CallRate(P);CallRate(C);IncomingCall(P);IncomingCall(C);OutgoingCall(P);OutgoingCall(C);TotalCallCreated;CurrentCall;SuccessfulCall(P);SuccessfulCall(C);FailedCall(P);FailedCall(C);FailedCannotSendMessage(P);FailedCannotSendMessage(C);FailedMaxUDPRetrans(P);FailedMaxUDPRetrans(C);FailedTcpConnect(P);FailedTcpConnect(C);FailedTcpClosed(P);FailedTcpClosed(C);FailedUnexpectedMessage(P);FailedUnexpectedMessage(C);FailedCallRejected(P);FailedCallRejected(C);FailedCmdNotSent(P);FailedCmdNotSent(C);FailedRegexpDoesntMatch(P);FailedRegexpDoesntMatch(C);FailedRegexpShouldntMatch(P);FailedRegexpShouldntMatch(C);FailedRegexpHdrNotFound(P);FailedRegexpHdrNotFound(C);FailedOutboundCongestion(P);FailedOutboundCongestion(C);FailedTimeoutOnRecv(P);FailedTimeoutOnRecv(C);FailedTimeoutOnSend(P);FailedTimeoutOnSend(C);FailedTestDoesntMatch(P);FailedTestDoesntMatch(C);FailedTestShouldntMatch(P);FailedTestShouldntMatch(C);FailedStrcmpDoesntMatch(P);FailedStrcmpDoesntMatch(C);FailedStrcmpShouldntMatch(P);FailedStrcmpShouldntMatch(C);OutOfCallMsgs(P);OutOfCallMsgs(C);DeadCallMsgs(P);DeadCallMsgs(C);Retransmissions(P);Retransmissions(C);AutoAnswered(P);AutoAnswered(C);Warnings(P);Warnings(C);FatalErrors(P);FatalErrors(C);WatchdogMajor(P);WatchdogMajor(C);WatchdogMinor(P);WatchdogMinor(C);ResponseTime1(P);ResponseTime1(C);ResponseTime1StDev(P);ResponseTime1StDev(C);CallLength(P);CallLength(C);CallLengthStDev(P);CallLengthStDev(C);
2025-10-29	17:11:53.239806	1761768713.239806;2025-10-29	17:11:53.239806	1761768713.239806;2025-10-29	17:11:53.241631	1761768713.241631;00:00:00;00:00:00;640;0;0;0;0;0;0;0;0;0;0;0;0;0;0;0;0;0;0;0;0;0;0;0;0;0;0;0;0;0;0;0;0;0;0;0;0;0;0;0;0;0;0;0;0;0;0;0;0;0;0;0;0;0;0;1;1;0;0;0;0;0;0;00:00:00:000000;00:00:00:000000;00:00:00:000000;00:00:00:000000;00:00:00:000000;00:00:00:000000;00:00:00:000000;00:00:00:000000;
2025-10-29	17:11:53.239806	1761768713.239806;2025-10-29	17:11:53.241899	1761768713.241899;2025-10-29	17:12:03.244251	1761768723.244251;00:00:10;00:00:10;640;639.872;639.744;0;0;6400;6400;6400;6400;0;0;0;0;0;0;0;0;0;0;0;0;0;0;0;0;0;0;0;0;0;0;0;0;0;0;0;0;0;0;0;0;0;0;0;0;0;0;0;0;0;0;0;0;0;0;0;1;0;0;0;0;0;0;00:00:00:000000;00:00:00:000000;00:00:00:000000;00:00:00:000000;00:00:00:000000;00:00:00:000000;00:00:00:000000;00:00:00:000000;
2025-10-29	17:11:53.239806	1761768713.239806;2025-10-29	17:12:03.244431	1761768723.244431;2025-10-29	17:12:13.248816	1761768733.248816;00:00:10;00:00:20;640;639.944;639.812;0;0;6402;12802;12802;12802;0;0;0;0;0;0;0;0;0;0;0;0;0;0;0;0;0;0;0;0;0;0;0;0;0;0;0;0;0;0;0;0;0;0;0;0;0;0;0;0;0;0;0;0;0;0;0;1;0;0;0;0;0;0;00:00:00:000000;00:00:00:000000;00:00:00:000000;00:00:00:000000;00:00:00:000000;00:00:00:000000;00:00:00:000000;00:00:00:000000;
2025-10-29	17:11:53.239806	1761768713.239806;2025-10-29	17:12:13.248993	1761768733.248993;2025-10-29	17:12:23.252086	1761768743.252086;00:00:10;00:00:30;640;640.108;639.911;0;0;6403;19205;19205;19205;0;0;0;0;0;0;0;0;0;0;0;0;0;0;0;0;0;0;0;0;0;0;0;0;0;0;0;0;0;0;0;0;0;0;0;0;0;0;0;0;0;0;0;0;0;0;0;1;0;0;0;0;0;0;00:00:00:000000;00:00:00:000000;00:00:00:000000;00:00:00:000000;00:00:00:000000;00:00:00:000000;00:00:00:000000;00:00:00:000000;
2025-10-29	17:11:53.239806	1761768713.239806;2025-10-29	17:12:23.252243	1761768743.252243;2025-10-29	17:12:33.256468	1761768753.256468;00:00:10;00:00:40;640;639.944;639.919;0;0;6402;25607;25607;25607;0;0;0;0;0;0;0;0;0;0;0;0;0;0;0;0;0;0;0;0;0;0;0;0;0;0;0;0;0;0;0;0;0;0;0;0;0;0;0;0;0;0;0;0;0;0;0;1;0;0;0;0;0;0;00:00:00:000000;00:00:00:000000;00:00:00:000000;00:00:00:000000;00:00:00:000000;00:00:00:000000;00:00:00:000000;00:00:00:000000;
2025-10-29	17:11:53.239806	1761768713.239806;2025-10-29	17:12:33.256593	1761768753.256593;2025-10-29	17:12:43.260992	1761768763.260992;00:00:10;00:00:50;640;640.044;639.931;0;0;6403;32010;32010;32010;0;0;0;0;0;0;0;0;0;0;0;0;0;0;0;0;0;0;0;0;0;0;0;0;0;0;0;0;0;0;0;0;0;0;0;0;0;0;0;0;0;0;0;0;0;0;0;1;0;0;0;0;0;0;00:00:00:000000;00:00:00:000000;00:00:00:000000;00:00:00:000000;00:00:00:000000;00:00:00:000000;00:00:00:000000;00:00:00:000000;
2025-10-29	17:11:53.239806	1761768713.239806;2025-10-29	17:12:43.261164	1761768763.261164;2025-10-29	17:12:53.264555	1761768773.264555;00:00:10;00:01:00;640;640.008;639.944;0;0;6402;38412;38412;38412;0;0;0;0;0;0;0;0;0;0;0;0;0;0;0;0;0;0;0;0;0;0;0;0;0;0;0;0;0;0;0;0;0;0;0;0;0;0;0;0;0;0;0;0;0;0;0;1;0;0;0;0;0;0;00:00:00:000000;00:00:00:000000;00:00:00:000000;00:00:00:000000;00:00:00:000000;00:00:00:000000;00:00:00:000000;00:00:00:000000;
2025-10-29	17:11:53.239806	1761768713.239806;2025-10-29	17:12:53.264695	1761768773.264695;2025-10-29	17:13:03.268289	1761768783.268289;00:00:10;00:01:10;640;640.108;639.958;0;0;6403;44815;44815;44815;0;0;0;0;0;0;0;0;0;0;0;0;0;0;0;0;0;0;0;0;0;0;0;0;0;0;0;0;0;0;0;0;0;0;0;0;0;0;0;0;0;0;0;0;0;0;0;1;0;0;0;0;0;0;00:00:00:000000;00:00:00:000000;00:00:00:000000;00:00:00:000000;00:00:00:000000;00:00:00:000000;00:00:00:000000;00:00:00:000000;
2025-10-29	17:11:53.239806	1761768713.239806;2025-10-29	17:13:03.268467	1761768783.268467;2025-10-29	17:13:13.272247	1761768793.272247;00:00:10;00:01:20;640;640.008;639.957;0;0;6402;51217;51217;51217;0;0;0;0;0;0;0;0;0;0;0;0;0;0;0;0;0;0;0;0;0;0;0;0;0;0;0;0;0;0;0;0;0;0;0;0;0;0;0;0;0;0;0;0;0;0;0;1;0;0;0;0;0;0;00:00:00:000000;00:00:00:000000;00:00:00:000000;00:00:00:000000;00:00:00:000000;00:00:00:000000;00:00:00:000000;00:00:00:000000;
2025-10-29	17:11:53.239806	1761768713.239806;2025-10-29	17:13:13.272387	1761768793.272387;2025-10-29	17:13:23.276388	1761768803.276388;00:00:10;00:01:30;640;640.044;639.966;0;0;6403;57620;57620;57620;0;0;0;0;0;0;0;0;0;0;0;0;0;0;0;0;0;0;0;0;0;0;0;0;0;0;0;0;0;0;0;0;0;0;0;0;0;0;0;0;0;0;0;0;0;0;0;1;0;0;0;0;0;0;00:00:00:000000;00:00:00:000000;00:00:00:000000;00:00:00:000000;00:00:00:000000;00:00:00:000000;00:00:00:000000;00:00:00:000000;
2025-10-29	17:11:53.239806	1761768713.239806;2025-10-29	17:13:23.276540	1761768803.276540;2025-10-29	17:13:33.280170	1761768813.280170;00:00:10;00:01:40;640;640.108;639.974;0;0;6403;64023;64023;62386;146;146;1491;1491;0;0;0;0;0;0;0;0;1491;1491;0;0;0;0;0;0;0;0;0;0;0;0;0;0;0;0;0;0;0;0;0;0;0;0;0;0;0;0;0;0;0;0;1491;1492;0;0;0;0;0;0;00:00:00:000000;00:00:00:000000;00:00:00:000000;00:00:00:000000;00:00:08:901000;00:00:08:901000;00:00:28:455000;00:00:28:455000;
2025-10-29	17:11:53.239806	1761768713.239806;2025-10-29	17:13:33.280280	1761768813.280280;2025-10-29	17:13:43.284281	1761768823.284281;00:00:10;00:01:50;640;639.944;639.971;0;0;6402;70425;70425;62372;6404;6550;12;1503;0;0;0;0;0;0;0;0;12;1503;0;0;0;0;0;0;0;0;0;0;0;0;0;0;0;0;0;0;0;0;0;0;0;0;0;0;0;0;0;0;0;0;12;1504;0;0;0;0;0;0;00:00:00:000000;00:00:00:000000;00:00:00:001000;00:00:00:000000;00:01:39:620000;00:01:21:179000;00:00:04:312000;00:00:38:889000;
2025-10-29	17:11:53.239806	1761768713.239806;2025-10-29	17:13:43.284418	1761768823.284418;2025-10-29	17:13:53.288203	1761768833.288203;00:00:10;00:02:00;640;640.108;639.977;0;0;6403;76828;76828;62377;6398;12948;0;1503;0;0;0;0;0;0;0;0;0;1503;0;0;0;0;0;0;0;0;0;0;0;0;0;0;0;0;0;0;0;0;0;0;0;0;0;0;0;0;0;0;0;0;0;1504;0;0;0;0;0;0;00:00:00:000000;00:00:00:000000;00:00:00:001000;00:00:00:000000;00:01:39:807000;00:01:29:426000;00:00:00:002000;00:00:30:469000;
2025-10-29	17:11:53.239806	1761768713.239806;2025-10-29	17:13:53.288383	1761768833.288383;2025-10-29	17:14:03.292356	1761768843.292356;00:00:10;00:02:10;640;639.908;639.967;0;0;6401;83229;83229;62371;6407;19355;0;1503;0;0;0;0;0;0;0;0;0;1503;0;0;0;0;0;0;0;0;0;0;0;0;0;0;0;0;0;0;0;0;0;0;0;0;0;0;0;0;0;0;0;0;0;1504;0;0;0;0;0;0;00:00:00:000000;00:00:00:000000;00:00:00:002000;00:00:00:001000;00:01:39:807000;00:01:32:615000;00:00:00:003000;00:00:25:809000;
2025-10-29	17:11:53.239806	1761768713.239806;2025-10-29	17:14:03.292597	1761768843.292597;2025-10-29	17:14:13.296252	1761768853.296252;00:00:10;00:02:20;640;640.108;639.973;0;0;6403;89632;89632;62373;6401;25756;0;1503;0;0;0;0;0;0;0;0;0;1503;0;0;0;0;0;0;0;0;0;0;0;0;0;0;0;0;0;0;0;0;0;0;0;0;0;0;0;0;0;0;0;0;0;1504;0;0;0;0;0;0;00:00:00:000000;00:00:00:000000;00:00:00:001000;00:00:00:001000;00:01:39:806000;00:01:34:304000;00:00:00:002000;00:00:22:781000;
2025-10-29	17:11:53.239806	1761768713.239806;2025-10-29	17:14:13.296392	1761768853.296392;2025-10-29	17:14:23.300309	1761768863.300309;00:00:10;00:02:30;640;639.208;639.917;0;0;6394;96026;96026;62363;6404;32160;0;1503;0;0;0;0;0;0;0;0;0;1503;0;0;0;0;0;0;0;0;0;0;0;0;0;0;0;0;0;0;0;0;0;0;0;0;0;0;0;0;0;0;0;0;0;1504;0;0;0;0;0;0;00:00:00:000000;00:00:00:000000;00:00:00:001000;00:00:00:001000;00:01:39:807000;00:01:35:350000;00:00:00:002000;00:00:20:613000;
2025-10-29	17:11:53.239806	1761768713.239806;2025-10-29	17:14:23.300512	1761768863.300512;2025-10-29	17:14:33.304132	1761768873.304132;00:00:10;00:02:40;640;639.808;639.907;0;0;6400;102426;102426;62362;6401;38561;0;1503;0;0;0;0;0;0;0;0;0;1503;0;0;0;0;0;0;0;0;0;0;0;0;0;0;0;0;0;0;0;0;0;0;0;0;0;0;0;0;0;0;0;0;0;1504;0;0;0;0;0;0;00:00:00:000000;00:00:00:000000;00:00:00:001000;00:00:00:001000;00:01:39:806000;00:01:36:062000;00:00:00:002000;00:00:18:965000;
2025-10-29	17:11:53.239806	1761768713.239806;2025-10-29	17:14:33.304328	1761768873.304328;2025-10-29	17:14:43.308517	1761768883.308517;00:00:10;00:02:50;640;639.744;639.897;0;0;6400;108826;108826;62358;6404;44965;0;1503;0;0;0;0;0;0;0;0;0;1503;0;0;0;0;0;0;0;0;0;0;0;0;0;0;0;0;0;0;0;0;0;0;0;0;0;0;0;0;0;0;0;0;0;1504;0;0;0;0;0;0;00:00:00:000000;00:00:00:000000;00:00:00:001000;00:00:00:001000;00:01:39:807000;00:01:36:578000;00:00:00:003000;00:01:34:100000;
2025-10-29	17:11:53.239806	1761768713.239806;2025-10-29	17:14:43.308641	1761768883.308641;2025-10-29	17:14:53.312335	1761768893.312335;00:00:10;00:03:00;640;640.108;639.905;0;0;6403;115229;115229;62361;6400;51365;0;1503;0;0;0;0;0;0;0;0;0;1503;0;0;0;0;0;0;0;0;0;0;0;0;0;0;0;0;0;0;0;0;0;0;0;0;0;0;0;0;0;0;0;0;0;1504;0;0;0;0;0;0;00:00:00:000000;00:00:00:000000;00:00:00:001000;00:00:00:001000;00:01:39:806000;00:01:36:969000;00:00:00:002000;00:01:22:916000;
2025-10-29	17:11:53.239806	1761768713.239806;2025-10-29	17:14:53.312493	1761768893.312493;2025-10-29	17:15:03.316298	1761768903.316298;00:00:10;00:03:10;640;640.108;639.912;0;0;6403;121632;121632;62361;6403;57768;0;1503;0;0;0;0;0;0;0;0;0;1503;0;0;0;0;0;0;0;0;0;0;0;0;0;0;0;0;0;0;0;0;0;0;0;0;0;0;0;0;0;0;0;0;0;1504;0;0;0;0;0;0;00:00:00:000000;00:00:00:000000;00:00:00:000000;00:00:00:001000;00:01:39:806000;00:01:37:276000;00:00:00:002000;00:01:14:143000;
2025-10-29	17:11:53.239806	1761768713.239806;2025-10-29	17:15:03.316551	1761768903.316551;2025-10-29	17:15:13.320189	1761768913.320189;00:00:10;00:03:20;640;640.008;639.914;0;0;6402;128034;128034;62382;4906;62674;1475;2978;0;0;0;0;0;0;0;0;1475;2978;0;0;0;0;0;0;0;0;0;0;0;0;0;0;0;0;0;0;0;0;0;0;0;0;0;0;0;0;0;0;0;0;1475;2979;0;0;0;0;0;0;00:00:00:000000;00:00:00:000000;00:00:00:000000;00:00:00:001000;00:01:16:736000;00:01:35:279000;00:00:42:079000;00:01:34:821000;
2025-10-29	17:11:53.239806	1761768713.239806;2025-10-29	17:15:13.320289	1761768913.320289;2025-10-29	17:15:23.324703	1761768923.324703;00:00:10;00:03:30;640;640.044;639.92;0;0;6403;134437;134437;62363;6397;69071;25;3003;0;0;0;0;0;0;0;0;25;3003;0;0;0;0;0;0;0;0;0;0;0;0;0;0;0;0;0;0;0;0;0;0;0;0;0;0;0;0;0;0;0;0;25;3004;0;0;0;0;0;0;00:00:00:000000;00:00:00:000000;00:00:00:001000;00:00:00:001000;00:01:39:420000;00:01:35:648000;00:00:06:215000;00:01:26:602000;
2025-10-29	17:11:53.239806	1761768713.239806;2025-10-29	17:15:23.324827	1761768923.324827;2025-10-29	17:15:33.328656	1761768933.328656;00:00:10;00:03:40;640;640.008;639.921;0;0;6402;140839;140839;62364;6401;75472;0;3003;0;0;0;0;0;0;0;0;0;3003;0;0;0;0;0;0;0;0;0;0;0;0;0;0;0;0;0;0;0;0;0;0;0;0;0;0;0;0;0;0;0;0;0;3004;0;0;0;0;0;0;00:00:00:000000;00:00:00:000000;00:00:00:001000;00:00:00:001000;00:01:39:808000;00:01:35:988000;00:00:00:004000;00:01:36:710000;
2025-10-29	17:11:53.239806	1761768713.239806;2025-10-29	17:15:33.328763	1761768933.328763;2025-10-29	17:15:43.332121	1761768943.332121;00:00:10;00:03:50;640;640.108;639.927;0;0;6403;147242;147242;62362;6403;81875;2;3005;0;0;0;0;0;0;0;0;2;3005;0;0;0;0;0;0;0;0;0;0;0;0;0;0;0;0;0;0;0;0;0;0;0;0;0;0;0;0;0;0;0;0;2;3006;0;0;0;0;0;0;00:00:00:001000;00:00:00:000000;00:00:00:002000;00:00:00:001000;00:01:39:779000;00:01:36:274000;00:00:01:763000;00:01:29:562000;
2025-10-29	17:11:53.239806	1761768713.239806;2025-10-29	17:15:43.332285	1761768943.332285;2025-10-29	17:15:53.336101	1761768953.336101;00:00:10;00:04:00;640;640.008;639.927;0;0;6402;153644;153644;62360;6404;88279;0;3005;0;0;0;0;0;0;0;0;0;3005;0;0;0;0;0;0;0;0;0;0;0;0;0;0;0;0;0;0;0;0;0;0;0;0;0;0;0;0;0;0;0;0;0;3006;0;0;0;0;0;0;00:00:00:000000;00:00:00:000000;00:00:00:000000;00:00:00:001000;00:01:39:808000;00:01:36:522000;00:00:00:003000;00:01:35:771000;
2025-10-29	17:11:53.239806	1761768713.239806;2025-10-29	17:15:53.336258	1761768953.336258;2025-10-29	17:16:03.340281	1761768963.340281;00:00:10;00:04:10;640;640.044;639.932;0;0;6403;160047;160047;62370;6393;94672;0;3005;0;0;0;0;0;0;0;0;0;3005;0;0;0;0;0;0;0;0;0;0;0;0;0;0;0;0;0;0;0;0;0;0;0;0;0;0;0;0;0;0;0;0;0;3006;0;0;0;0;0;0;00:00:00:001000;00:00:00:000000;00:00:00:005000;00:00:00:001000;00:01:39:810000;00:01:36:737000;00:00:00:006000;00:01:29:615000;
2025-10-29	17:11:53.239806	1761768713.239806;2025-10-29	17:16:03.340405	1761768963.340405;2025-10-29	17:16:13.345044	1761768973.345044;00:00:10;00:04:20;640;639.444;639.911;0;0;6397;166444;166444;62368;6399;101071;0;3005;0;0;0;0;0;0;0;0;0;3005;0;0;0;0;0;0;0;0;0;0;0;0;0;0;0;0;0;0;0;0;0;0;0;0;0;0;0;0;0;0;0;0;0;3006;0;0;0;0;0;0;00:00:00:000000;00:00:00:000000;00:00:00:002000;00:00:00:001000;00:01:39:808000;00:01:36:926000;00:00:00:003000;00:01:33:778000;
2025-10-29	17:11:53.239806	1761768713.239806;2025-10-29	17:16:13.345199	1761768973.345199;2025-10-29	17:16:23.348201	1761768983.348201;00:00:10;00:04:30;640;639.808;639.907;0;0;6400;172844;172844;62367;6401;107472;0;3005;0;0;0;0;0;0;0;0;0;3005;0;0;0;0;0;0;0;0;0;0;0;0;0;0;0;0;0;0;0;0;0;0;0;0;0;0;0;0;0;0;0;0;0;3006;0;0;0;0;0;0;00:00:00:000000;00:00:00:000000;00:00:00:001000;00:00:00:001000;00:01:39:809000;00:01:37:093000;00:00:00:004000;00:01:36:602000;
2025-10-29	17:11:53.239806	1761768713.239806;2025-10-29	17:16:23.348305	1761768983.348305;2025-10-29	17:16:33.352130	1761768993.352130;00:00:10;00:04:40;640;640.108;639.912;0;0;6403;179247;179247;62655;6115;113587;0;3005;0;0;0;0;0;0;0;0;0;3005;0;0;0;0;0;0;0;0;0;0;0;0;0;0;0;0;0;0;0;0;0;0;0;0;0;0;0;0;0;0;0;0;0;3006;0;0;0;0;0;0;00:00:00:051000;00:00:00:002000;00:00:00:113000;00:00:00:022000;00:01:39:860000;00:01:37:238000;00:00:00:113000;00:01:31:609000;
2025-10-29	17:11:53.239806	1761768713.239806;2025-10-29	17:16:33.352261	1761768993.352261;2025-10-29	17:16:43.356862	1761769003.356862;00:00:10;00:04:50;640;639.544;639.897;0;0;6398;185645;185645;62236;6692;120279;125;3130;0;0;0;0;0;0;0;0;125;3130;0;0;0;0;0;0;0;0;0;0;0;0;0;0;0;0;0;0;0;0;0;0;0;0;0;0;0;0;33;33;0;0;125;3131;0;0;0;0;0;0;00:00:00:035000;00:00:00:003000;00:00:00:110000;00:00:00:031000;00:01:38:023000;00:01:37:281000;00:00:13:353000;00:01:33:407000;
2025-10-29	17:11:53.239806	1761768713.239806;2025-10-29	17:16:43.357011	1761769003.357011;2025-10-29	17:16:53.360231	1761769013.360231;00:00:10;00:05:00;640;640.108;639.904;0;0;6403;192048;192048;62385;4917;125196;1337;4467;0;0;0;0;0;0;0;0;1337;4467;0;0;0;0;0;0;0;0;0;0;0;0;0;0;0;0;0;0;0;0;0;0;0;0;0;0;0;0;0;33;0;0;1337;4468;0;0;0;0;0;0;00:00:00:000000;00:00:00:003000;00:00:00:000000;00:00:00:030000;00:01:18:470000;00:01:36:374000;00:00:40:922000;00:01:35:441000;
2025-10-29	17:11:53.239806	1761768713.239806;2025-10-29	17:16:53.360345	1761769013.360345;2025-10-29	17:17:03.364669	1761769023.364669;00:00:10;00:05:10;640;639.544;639.892;0;0;6398;198446;198446;62376;6388;131584;19;4486;0;0;0;0;0;0;0;0;19;4486;0;0;0;0;0;0;0;0;0;0;0;0;0;0;0;0;0;0;0;0;0;0;0;0;0;0;0;0;0;33;0;0;19;4487;0;0;0;0;0;0;00:00:00:000000;00:00:00:003000;00:00:00:002000;00:00:00:030000;00:01:39:513000;00:01:36:522000;00:00:05:427000;00:01:36:355000;
2025-10-29	17:11:53.239806	1761768713.239806;2025-10-29	17:17:03.364807	1761769023.364807;2025-10-29	17:17:13.368549	1761769033.368549;00:00:10;00:05:20;640;639.608;639.882;0;0;6398;204844;204844;62372;6401;137985;1;4487;0;0;0;0;0;0;0;0;1;4487;0;0;0;0;0;0;0;0;0;0;0;0;0;0;0;0;0;0;0;0;0;0;0;0;0;0;0;0;0;33;0;0;1;4488;0;0;0;0;0;0;00:00:00:000000;00:00:00:003000;00:00:00:001000;00:00:00:029000;00:01:39:793000;00:01:36:669000;00:00:01:247000;00:01:36:910000;
2025-10-29	17:11:53.239806	1761768713.239806;2025-10-29	17:17:13.368695	1761769033.368695;2025-10-29	17:17:23.373131	1761769043.373131;00:00:10;00:05:30;640;639.544;639.869;0;0;6398;211242;211242;62361;6400;144385;9;4496;0;0;0;0;0;0;0;0;9;4496;0;0;0;0;0;0;0;0;0;0;0;0;0;0;0;0;0;0;0;0;0;0;0;0;0;0;0;0;0;33;0;0;9;4497;0;0;0;0;0;0;00:00:00:001000;00:00:00:003000;00:00:00:004000;00:00:00:029000;00:01:39:672000;00:01:36:798000;00:00:03:737000;00:01:37:191000;
2025-10-29	17:11:53.239806	1761768713.239806;2025-10-29	17:17:23.373316	1761769043.373316;2025-10-29	17:17:33.376870	1761769053.376870;00:00:10;00:05:40;640;639.308;639.851;0;0;6395;217637;217637;62352;6404;150789;0;4496;0;0;0;0;0;0;0;0;0;4496;0;0;0;0;0;0;0;0;0;0;0;0;0;0;0;0;0;0;0;0;0;0;0;0;0;0;0;0;0;33;0;0;0;4497;0;0;0;0;0;0;00:00:00:000000;00:00:00:002000;00:00:00:000000;00:00:00:029000;00:01:39:808000;00:01:36:922000;00:00:00:002000;00:01:37:262000;
2025-10-29	17:11:53.239806	1761768713.239806;2025-10-29	17:17:33.377002	1761769053.377002;2025-10-29	17:17:43.380586	1761769063.380586;00:00:10;00:05:50;640;639.508;639.841;0;0;6397;224034;224034;62346;6403;157192;0;4496;0;0;0;0;0;0;0;0;0;4496;0;0;0;0;0;0;0;0;0;0;0;0;0;0;0;0;0;0;0;0;0;0;0;0;0;0;0;0;0;33;0;0;0;4497;0;0;0;0;0;0;00:00:00:000000;00:00:00:002000;00:00:00:001000;00:00:00:028000;00:01:39:812000;00:01:37:037000;00:00:00:010000;00:01:37:171000;
2025-10-29	17:11:53.239806	1761768713.239806;2025-10-29	17:17:43.380861	1761769063.380861;2025-10-29	17:17:53.384257	1761769073.384257;00:00:10;00:06:00;640;639.608;639.833;0;0;6398;230432;230432;62350;6394;163586;0;4496;0;0;0;0;0;0;0;0;0;4496;0;0;0;0;0;0;0;0;0;0;0;0;0;0;0;0;0;0;0;0;0;0;0;0;0;0;0;0;0;33;0;0;0;4497;0;0;0;0;0;0;00:00:00:000000;00:00:00:002000;00:00:00:000000;00:00:00:028000;00:01:39:809000;00:01:37:142000;00:00:00:004000;00:01:36:956000;
2025-10-29	17:11:53.239806	1761768713.239806;2025-10-29	17:17:53.384432	1761769073.384432;2025-10-29	17:18:03.388232	1761769083.388232;00:00:10;00:06:10;640;639.908;639.833;0;0;6401;236833;236833;62352;6399;169985;0;4496;0;0;0;0;0;0;0;0;0;4496;0;0;0;0;0;0;0;0;0;0;0;0;0;0;0;0;0;0;0;0;0;0;0;0;0;0;0;0;0;33;0;0;0;4497;0;0;0;0;0;0;00:00:00:000000;00:00:00:002000;00:00:00:001000;00:00:00:027000;00:01:39:809000;00:01:37:240000;00:00:00:004000;00:01:36:638000;
2025-10-29	17:11:53.239806	1761768713.239806;2025-10-29	17:18:03.388395	1761769083.388395;2025-10-29	17:18:13.392192	1761769093.392192;00:00:10;00:06:20;640;640.008;639.836;0;0;6402;243235;243235;62392;5830;175815;532;5028;0;0;0;0;0;0;0;0;532;5028;0;0;0;0;0;0;0;0;0;0;0;0;0;0;0;0;0;0;0;0;0;0;0;0;0;0;0;0;0;33;0;0;532;5029;0;0;0;0;0;0;00:00:00:000000;00:00:00:002000;00:00:00:000000;00:00:00:027000;00:01:31:551000;00:01:37:040000;00:00:27:658000;00:01:36:405000;
2025-10-29	17:11:53.239806	1761768713.239806;2025-10-29	17:18:13.392318	1761769093.392318;2025-10-29	17:18:23.396414	1761769103.396414;00:00:10;00:06:30;640;639.844;639.836;0;0;6401;249636;249636;61907;6848;182663;38;5066;0;0;0;0;0;0;0;0;38;5066;0;0;0;0;0;0;0;0;0;0;0;0;0;0;0;0;0;0;0;0;0;0;0;0;0;0;0;0;0;33;0;0;38;5067;0;0;0;0;0;0;00:00:00:001000;00:00:00:002000;00:00:00:002000;00:00:00:027000;00:01:39:354000;00:01:37:125000;00:00:07:405000;00:01:38:403000;
2025-10-29	17:11:53.239806	1761768713.239806;2025-10-29	17:18:23.396541	1761769103.396541;2025-10-29	17:18:33.400665	1761769113.400665;00:00:10;00:06:40;640;639.944;639.839;0;0;6402;256038;256038;62387;5065;187728;857;5923;0;0;0;0;0;0;0;0;857;5923;0;0;0;0;0;0;0;0;0;0;0;0;0;0;0;0;0;0;0;0;0;0;0;0;0;0;0;0;0;33;0;0;857;5924;0;0;0;0;0;0;00:00:00:001000;00:00:00:002000;00:00:00:003000;00:00:00:026000;00:01:25:365000;00:01:36:765000;00:00:35:117000;00:01:38:191000;
2025-10-29	17:11:53.239806	1761768713.239806;2025-10-29	17:18:33.400846	1761769113.400846;2025-10-29	17:18:43.404392	1761769123.404392;00:00:10;00:06:50;640;639.708;639.834;0;0;6399;262437;262437;62375;6382;194110;29;5952;0;0;0;0;0;0;0;0;29;5952;0;0;0;0;0;0;0;0;0;0;0;0;0;0;0;0;0;0;0;0;0;0;0;0;0;0;0;0;0;33;0;0;29;5953;0;0;0;0;0;0;00:00:00:000000;00:00:00:002000;00:00:00:002000;00:00:00:026000;00:01:39:358000;00:01:36:848000;00:00:06:698000;00:01:37:494000;
2025-10-29	17:11:53.239806	1761768713.239806;2025-10-29	17:18:43.404535	1761769123.404535;2025-10-29	17:18:53.408331	1761769133.408331;00:00:10;00:07:00;640;639.408;639.823;0;0;6396;268833;268833;62370;6395;200505;6;5958;0;0;0;0;0;0;0;0;6;5958;0;0;0;0;0;0;0;0;0;0;0;0;0;0;0;0;0;0;0;0;0;0;0;0;0;0;0;0;0;33;0;0;6;5959;0;0;0;0;0;0;00:00:00:000000;00:00:00:002000;00:00:00:001000;00:00:00:026000;00:01:39:715000;00:01:36:937000;00:00:03:054000;00:01:36:782000;
2025-10-29	17:11:53.239806	1761768713.239806;2025-10-29	17:18:53.408438	1761769133.408438;2025-10-29	17:19:03.412928	1761769143.412928;00:00:10;00:07:10;640;639.644;639.817;0;0;6399;275232;275232;62359;6383;206888;27;5985;0;0;0;0;0;0;0;0;27;5985;0;0;0;0;0;0;0;0;0;0;0;0;0;0;0;0;0;0;0;0;0;0;0;0;0;0;0;0;0;33;0;0;27;5986;0;0;0;0;0;0;00:00:00:001000;00:00:00:002000;00:00:00:006000;00:00:00:025000;00:01:39:393000;00:01:37:011000;00:00:06:464000;00:01:38:158000;
2025-10-29	17:11:53.239806	1761768713.239806;2025-10-29	17:19:03.413108	1761769143.413108;2025-10-29	17:19:13.416716	1761769153.416716;00:00:10;00:07:20;640;640.108;639.824;0;0;6403;281635;281635;62375;6387;213275;0;5985;0;0;0;0;0;0;0;0;0;5985;0;0;0;0;0;0;0;0;0;0;0;0;0;0;0;0;0;0;0;0;0;0;0;0;0;0;0;0;0;33;0;0;0;5986;0;0;0;0;0;0;00:00:00:000000;00:00:00:002000;00:00:00:000000;00:00:00:025000;00:01:39:808000;00:01:37:092000;00:00:00:003000;00:01:37:332000;
2025-10-29	17:11:53.239806	1761768713.239806;2025-10-29	17:19:13.416865	1761769153.416865;2025-10-29	17:19:23.420110	1761769163.420110;00:00:10;00:07:30;640;640.008;639.826;0;0;6402;288037;288037;62364;6413;219688;0;5985;0;0;0;0;0;0;0;0;0;5985;0;0;0;0;0;0;0;0;0;0;0;0;0;0;0;0;0;0;0;0;0;0;0;0;0;0;0;0;0;33;0;0;0;5986;0;0;0;0;0;0;00:00:00:000000;00:00:00:002000;00:00:00:000000;00:00:00:025000;00:01:39:809000;00:01:37:170000;00:00:00:004000;00:01:38:360000;
2025-10-29	17:11:53.239806	1761768713.239806;2025-10-29	17:19:23.420259	1761769163.420259;2025-10-29	17:19:33.424754	1761769173.424754;00:00:10;00:07:40;640;639.244;639.814;0;0;6395;294432;294432;62362;6397;226085;0;5985;0;0;0;0;0;0;0;0;0;5985;0;0;0;0;0;0;0;0;0;0;0;0;0;0;0;0;0;0;0;0;0;0;0;0;0;0;0;0;0;33;0;0;0;5986;0;0;0;0;0;0;00:00:00:000000;00:00:00:002000;00:00:00:000000;00:00:00:025000;00:01:39:808000;00:01:37:242000;00:00:00:002000;00:01:37:459000;
2025-10-29	17:11:53.239806	1761768713.239806;2025-10-29	17:19:33.424894	1761769173.424894;2025-10-29	17:19:43.428631	1761769183.428631;00:00:10;00:07:50;640;640.008;639.816;0;0;6402;300834;300834;62365;6399;232484;0;5985;0;0;0;0;0;0;0;0;0;5985;0;0;0;0;0;0;0;0;0;0;0;0;0;0;0;0;0;0;0;0;0;0;0;0;0;0;0;0;0;33;0;0;0;5986;0;0;0;0;0;0;00:00:00:001000;00:00:00:002000;00:00:00:003000;00:00:00:024000;00:01:39:809000;00:01:37:311000;00:00:00:005000;00:01:38:238000;
2025-10-29	17:11:53.239806	1761768713.239806;2025-10-29	17:19:43.428831	1761769183.428831;2025-10-29	17:19:53.432170	1761769193.432170;00:00:10;00:08:00;640;639.508;639.809;0;0;6397;307231;307231;62385;5833;238317;544;6529;0;0;0;0;0;0;0;0;544;6529;0;0;0;0;0;0;0;0;0;0;0;0;0;0;0;0;0;0;0;0;0;0;0;0;0;0;0;0;0;33;0;0;544;6530;0;0;0;0;0;0;00:00:00:000000;00:00:00:002000;00:00:00:001000;00:00:00:024000;00:01:31:294000;00:01:37:154000;00:00:27:882000;00:01:37:415000;
2025-10-29	17:11:53.239806	1761768713.239806;2025-10-29	17:19:53.432307	1761769193.432307;2025-10-29	17:20:03.436820	1761769203.436820;00:00:10;00:08:10;640;639.544;639.802;0;0;6398;313629;313629;62360;6400;244717;23;6552;0;0;0;0;0;0;0;0;23;6552;0;0;0;0;0;0;0;0;0;0;0;0;0;0;0;0;0;0;0;0;0;0;0;0;0;0;0;0;0;33;0;0;23;6553;0;0;0;0;0;0;00:00:00:000000;00:00:00:002000;00:00:00:000000;00:00:00:024000;00:01:39:453000;00:01:37:213000;00:00:05:962000;00:01:37:992000;
2025-10-29	17:11:53.239806	1761768713.239806;2025-10-29	17:20:03.437294	1761769203.437294;2025-10-29	17:20:13.441098	1761769213.441098;00:00:10;00:08:20;640;639.508;639.795;0;0;6397;320026;320026;62392;5532;250249;833;7385;0;0;0;0;0;0;0;0;833;7385;0;0;0;0;0;0;0;0;0;0;0;0;0;0;0;0;0;0;0;0;0;0;0;0;0;0;0;0;0;33;0;0;833;7386;0;0;0;0;0;0;00:00:00:000000;00:00:00:002000;00:00:00:002000;00:00:00:024000;00:01:26:749000;00:01:36:955000;00:00:33:665000;00:01:37:204000;
2025-10-29	17:11:53.239806	1761768713.239806;2025-10-29	17:20:13.441240	1761769213.441240;2025-10-29	17:20:23.444554	1761769223.444554;00:00:10;00:08:30;640;639.708;639.793;0;0;6399;326425;326425;62374;6386;256635;31;7416;0;0;0;0;0;0;0;0;31;7416;0;0;0;0;0;0;0;0;0;0;0;0;0;0;0;0;0;0;0;0;0;0;0;0;0;0;0;0;0;33;0;0;31;7417;0;0;0;0;0;0;00:00:00:000000;00:00:00:002000;00:00:00:000000;00:00:00:023000;00:01:39:326000;00:01:37:012000;00:00:06:920000;00:01:37:631000;
2025-10-29	17:11:53.239806	1761768713.239806;2025-10-29	17:20:23.444654	1761769223.444654;2025-10-29	17:20:33.448602	1761769233.448602;00:00:10;00:08:40;640;639.508;639.786;0;0;6397;332822;332822;62364;6389;263024;18;7434;0;0;0;0;0;0;0;0;18;7434;0;0;0;0;0;0;0;0;0;0;0;0;0;0;0;0;0;0;0;0;0;0;0;0;0;0;0;0;0;33;0;0;18;7435;0;0;0;0;0;0;00:00:00:000000;00:00:00:002000;00:00:00:000000;00:00:00:023000;00:01:39:527000;00:01:37:072000;00:00:05:282000;00:01:37:965000;
2025-10-29	17:11:53.239806	1761768713.239806;2025-10-29	17:20:33.448682	1761769233.448682;2025-10-29	17:20:43.452407	1761769243.452407;00:00:10;00:08:50;640;639.708;639.784;0;0;6399;339221;339221;62361;6372;269396;30;7464;0;0;0;0;0;0;0;0;30;7464;0;0;0;0;0;0;0;0;0;0;0;0;0;0;0;0;0;0;0;0;0;0;0;0;0;0;0;0;0;33;0;0;30;7465;0;0;0;0;0;0;00:00:00:000000;00:00:00:002000;00:00:00:002000;00:00:00:023000;00:01:39:343000;00:01:37:124000;00:00:06:817000;00:01:38:219000;
2025-10-29	17:11:53.239806	1761768713.239806;2025-10-29	17:20:43.452543	1761769243.452543;2025-10-29	17:20:53.456371	1761769253.456371;00:00:10;00:09:00;640;640.008;639.787;0;0;6402;345623;345623;62361;6402;275798;0;7464;0;0;0;0;0;0;0;0;0;7464;0;0;0;0;0;0;0;0;0;0;0;0;0;0;0;0;0;0;0;0;0;0;0;0;0;0;0;0;0;33;0;0;0;7465;0;0;0;0;0;0;00:00:00:000000;00:00:00:002000;00:00:00:001000;00:00:00:023000;00:01:39:808000;00:01:37:185000;00:00:00:003000;00:01:38:395000;
2025-10-29	17:11:53.239806	1761768713.239806;2025-10-29	17:20:53.456527	1761769253.456527;2025-10-29	17:21:03.460550	1761769263.460550;00:00:10;00:09:10;640;640.044;639.791;0;0;6403;352026;352026;62346;6402;282200;16;7480;0;0;0;0;0;0;0;0;16;7480;0;0;0;0;0;0;0;0;0;0;0;0;0;0;0;0;0;0;0;0;0;0;0;0;0;0;0;0;0;33;0;0;16;7481;0;0;0;0;0;0;00:00:00:001000;00:00:00:002000;00:00:00:004000;00:00:00:022000;00:01:39:560000;00:01:37:238000;00:00:04:977000;00:01:38:504000;
2025-10-29	17:11:53.239806	1761768713.239806;2025-10-29	17:21:03.460689	1761769263.460689;2025-10-29	17:21:13.464292	1761769273.464292;00:00:10;00:09:20;640;639.608;639.787;0;0;6398;358424;358424;62356;6388;288588;0;7480;0;0;0;0;0;0;0;0;0;7480;0;0;0;0;0;0;0;0;0;0;0;0;0;0;0;0;0;0;0;0;0;0;0;0;0;0;0;0;0;33;0;0;0;7481;0;0;0;0;0;0;00:00:00:000000;00:00:00:001000;00:00:00:001000;00:00:00:022000;00:01:39:808000;00:01:37:293000;00:00:00:002000;00:01:37:493000;
2025-10-29	17:11:53.239806	1761768713.239806;2025-10-29	17:21:13.464378	1761769273.464378;2025-10-29	17:21:23.468420	1761769283.468420;00:00:10;00:09:30;640;639.444;639.781;0;0;6397;364821;364821;62342;6411;294999;0;7480;0;0;0;0;0;0;0;0;0;7480;0;0;0;0;0;0;0;0;0;0;0;0;0;0;0;0;0;0;0;0;0;0;0;0;0;0;0;0;0;33;0;0;0;7481;0;0;0;0;0;0;00:00:00:000000;00:00:00:001000;00:00:00:003000;00:00:00:022000;00:01:39:811000;00:01:37:346000;00:00:00:006000;00:01:38:571000;
2025-10-29	17:11:53.239806	1761768713.239806;2025-10-29	17:21:23.468606	1761769283.468606;2025-10-29	17:21:33.472573	1761769293.472573;00:00:10;00:09:40;640;639.808;639.78;0;0;6400;371221;371221;62390;5839;300838;513;7993;0;0;0;0;0;0;0;0;513;7993;0;0;0;0;0;0;0;0;0;0;0;0;0;0;0;0;0;0;0;0;0;0;0;0;0;0;0;0;0;33;0;0;513;7994;0;0;0;0;0;0;00:00:00:000000;00:00:00:001000;00:00:00:002000;00:00:00:022000;00:01:31:748000;00:01:37:231000;00:00:27:197000;00:01:37:646000;
2025-10-29	17:11:53.239806	1761768713.239806;2025-10-29	17:21:33.472669	1761769293.472669;2025-10-29	17:21:43.476134	1761769303.476134;00:00:10;00:09:50;640;639.708;639.778;0;0;6399;377620;377620;62369;6388;307226;32;8025;0;0;0;0;0;0;0;0;32;8025;0;0;0;0;0;0;0;0;0;0;0;0;0;0;0;0;0;0;0;0;0;0;0;0;0;0;0;0;0;33;0;0;32;8026;0;0;0;0;0;0;00:00:00:000000;00:00:00:001000;00:00:00:001000;00:00:00:022000;00:01:39:311000;00:01:37:274000;00:00:07:029000;00:01:37:610000;
2025-10-29	17:11:53.239806	1761768713.239806;2025-10-29	17:21:43.476358	1761769303.476358;2025-10-29	17:21:53.480469	1761769313.480469;00:00:10;00:10:00;640;639.644;639.776;0;0;6399;384019;384019;62390;5559;312785;819;8844;0;0;0;0;0;0;0;0;819;8844;0;0;0;0;0;0;0;0;0;0;0;0;0;0;0;0;0;0;0;0;0;0;0;0;0;0;0;0;0;33;0;0;819;8845;0;0;0;0;0;0;00:00:00:001000;00:00:00:001000;00:00:00:003000;00:00:00:021000;00:01:26:993000;00:01:37:070000;00:00:33:393000;00:01:37:669000;
2025-10-29	17:11:53.239806	1761768713.239806;2025-10-29	17:21:53.480614	1761769313.480614;2025-10-29	17:22:03.484408	1761769323.484408;00:00:10;00:10:10;640;640.008;639.779;0;0;6402;390421;390421;62383;6373;319158;36;8880;0;0;0;0;0;0;0;0;36;8880;0;0;0;0;0;0;0;0;0;0;0;0;0;0;0;0;0;0;0;0;0;0;0;0;0;0;0;0;0;33;0;0;36;8881;0;0;0;0;0;0;00:00:00:000000;00:00:00:001000;00:00:00:000000;00:00:00:021000;00:01:39:247000;00:01:37:112000;00:00:07:459000;00:01:38:441000;
2025-10-29	17:11:53.239806	1761768713.239806;2025-10-29	17:22:03.484554	1761769323.484554;2025-10-29	17:22:13.488432	1761769333.488432;00:00:10;00:10:20;640;639.308;639.77;0;0;6395;396816;396816;62362;6379;325537;37;8917;0;0;0;0;0;0;0;0;37;8917;0;0;0;0;0;0;0;0;0;0;0;0;0;0;0;0;0;0;0;0;0;0;0;0;0;0;0;0;0;33;0;0;37;8918;0;0;0;0;0;0;00:00:00:000000;00:00:00:001000;00:00:00:000000;00:00:00:021000;00:01:39:232000;00:01:37:153000;00:00:07:558000;00:01:38:277000;
2025-10-29	17:11:53.239806	1761768713.239806;2025-10-29	17:22:13.488620	1761769333.488620;2025-10-29	17:22:23.493070	1761769343.493070;00:00:10;00:10:30;640;639.744;639.768;0;0;6400;403216;403216;62380;6368;331905;14;8931;0;0;0;0;0;0;0;0;14;8931;0;0;0;0;0;0;0;0;0;0;0;0;0;0;0;0;0;0;0;0;0;0;0;0;0;0;0;0;0;33;0;0;14;8932;0;0;0;0;0;0;00:00:00:000000;00:00:00:001000;00:00:00:002000;00:00:00:021000;00:01:39:590000;00:01:37:199000;00:00:04:669000;00:01:38:096000;
2025-10-29	17:11:53.239806	1761768713.239806;2025-10-29	17:22:23.493217	1761769343.493217;2025-10-29	17:22:33.496203	1761769353.496203;00:00:10;00:10:40;640;639.372;639.761;0;0;6395;409611;409611;62357;6398;338303;20;8951;0;0;0;0;0;0;0;0;20;8951;0;0;0;0;0;0;0;0;0;0;0;0;0;0;0;0;0;0;0;0;0;0;0;0;0;0;0;0;0;33;0;0;20;8952;0;0;0;0;0;0;00:00:00:001000;00:00:00:001000;00:00:00:004000;00:00:00:021000;00:01:39:499000;00:01:37:241000;00:00:05:563000;00:01:37:886000;
2025-10-29	17:11:53.239806	1761768713.239806;2025-10-29	17:22:33.496335	1761769353.496335;2025-10-29	17:22:43.501005	1761769363.501005;00:00:10;00:10:50;640;639.944;639.763;0;0;6402;416013;416013;62344;6391;344694;24;8975;0;0;0;0;0;0;0;0;24;8975;0;0;0;0;0;0;0;0;0;0;0;0;0;0;0;0;0;0;0;0;0;0;0;0;0;0;0;0;0;33;0;0;24;8976;0;0;0;0;0;0;00:00:00:000000;00:00:00:001000;00:00:00:000000;00:00:00:021000;00:01:39:436000;00:01:37:281000;00:00:06:093000;00:01:38:412000;
2025-10-29	17:11:53.239806	1761768713.239806;2025-10-29	17:22:43.501151	1761769363.501151;2025-10-29	17:22:53.504236	1761769373.504236;00:00:10;00:11:00;640;639.208;639.755;0;0;6394;422407;422407;62356;6382;351076;0;8975;0;0;0;0;0;0;0;0;0;8975;0;0;0;0;0;0;0;0;0;0;0;0;0;0;0;0;0;0;0;0;0;0;0;0;0;0;0;0;0;33;0;0;0;8976;0;0;0;0;0;0;00:00:00:000000;00:00:00:001000;00:00:00:000000;00:00:00:020000;00:01:39:808000;00:01:37:326000;00:00:00:005000;00:01:38:151000;
2025-10-29	17:11:53.239806	1761768713.239806;2025-10-29	17:22:53.504353	1761769373.504353;2025-10-29	17:23:03.508647	1761769383.508647;00:00:10;00:11:10;640;639.944;639.758;0;0;6402;428809;428809;62346;6412;357488;0;8975;0;0;0;0;0;0;0;0;0;8975;0;0;0;0;0;0;0;0;0;0;0;0;0;0;0;0;0;0;0;0;0;0;0;0;0;0;0;0;0;33;0;0;0;8976;0;0;0;0;0;0;00:00:00:000000;00:00:00:001000;00:00:00:000000;00:00:00:020000;00:01:39:808000;00:01:37:369000;00:00:00:004000;00:01:38:569000;
2025-10-29	17:11:53.239806	1761768713.239806;2025-10-29	17:23:03.508775	1761769383.508775;2025-10-29	17:23:13.512122	1761769393.512122;00:00:10;00:11:20;640;639.708;639.756;0;0;6399;435208;435208;62389;5888;363376;468;9443;0;0;0;0;0;0;0;0;468;9443;0;0;0;0;0;0;0;0;0;0;0;0;0;0;0;0;0;0;0;0;0;0;0;0;0;0;0;0;0;33;0;0;468;9444;0;0;0;0;0;0;00:00:00:000000;00:00:00:001000;00:00:00:003000;00:00:00:020000;00:01:32:461000;00:01:37:286000;00:00:26:069000;00:01:38:330000;
2025-10-29	17:11:53.239806	1761768713.239806;2025-10-29	17:23:13.512272	1761769393.512272;2025-10-29	17:23:23.516122	1761769403.516122;00:00:10;00:11:30;640;639.208;639.747;0;0;6394;441602;441602;62352;6365;369741;66;9509;0;0;0;0;0;0;0;0;66;9509;0;0;0;0;0;0;0;0;0;0;0;0;0;0;0;0;0;0;0;0;0;0;0;0;0;0;0;0;0;33;0;0;66;9510;0;0;0;0;0;0;00:00:00:000000;00:00:00:001000;00:00:00:000000;00:00:00:020000;00:01:38:784000;00:01:37:311000;00:00:10:059000;00:01:38:010000;
2025-10-29	17:11:53.239806	1761768713.239806;2025-10-29	17:23:23.516247	1761769403.516247;2025-10-29	17:23:33.520436	1761769413.520436;00:00:10;00:11:40;640;639.944;639.75;0;0;6402;448004;448004;62383;5580;375321;791;10300;0;0;0;0;0;0;0;0;791;10300;0;0;0;0;0;0;0;0;0;0;0;0;0;0;0;0;0;0;0;0;0;0;0;0;0;0;0;0;0;33;0;0;791;10301;0;0;0;0;0;0;00:00:00:001000;00:00:00:001000;00:00:00:003000;00:00:00:020000;00:01:27:419000;00:01:37:148000;00:00:32:916000;00:01:38:421000;
2025-10-29	17:11:53.239806	1761768713.239806;2025-10-29	17:23:33.520577	1761769413.520577;2025-10-29	17:23:43.524510	1761769423.524510;00:00:10;00:11:50;640;640.108;639.754;0;0;6403;454407;454407;62388;6365;381686;33;10333;0;0;0;0;0;0;0;0;33;10333;0;0;0;0;0;0;0;0;0;0;0;0;0;0;0;0;0;0;0;0;0;0;0;0;0;0;0;0;0;33;0;0;33;10334;0;0;0;0;0;0;00:00:00:000000;00:00:00:001000;00:00:00:000000;00:00:00:020000;00:01:39:293000;00:01:37:183000;00:00:07:150000;00:01:38:073000;
2025-10-29	17:11:53.239806	1761768713.239806;2025-10-29	17:23:43.524654	1761769423.524654;2025-10-29	17:23:53.528916	1761769433.528916;00:00:10;00:12:00;640;639.544;639.75;0;0;6398;460805;460805;62372;6361;388047;53;10386;0;0;0;0;0;0;0;0;53;10386;0;0;0;0;0;0;0;0;0;0;0;0;0;0;0;0;0;0;0;0;0;0;0;0;0;0;0;0;0;33;0;0;53;10387;0;0;0;0;0;0;00:00:00:000000;00:00:00:001000;00:00:00:001000;00:00:00:020000;00:01:38:984000;00:01:37:212000;00:00:09:035000;00:01:38:311000;
2025-10-29	17:11:53.239806	1761768713.239806;2025-10-29	17:23:53.529051	1761769433.529051;2025-10-29	17:24:03.532769	1761769443.532769;00:00:10;00:12:10;640;639.708;639.75;0;0;6399;467204;467204;62377;6379;394426;15;10401;0;0;0;0;0;0;0;0;15;10401;0;0;0;0;0;0;0;0;0;0;0;0;0;0;0;0;0;0;0;0;0;0;0;0;0;0;0;0;0;33;0;0;15;10402;0;0;0;0;0;0;00:00:00:001000;00:00:00:001000;00:00:00:004000;00:00:00:019000;00:01:39:576000;00:01:37:249000;00:00:04:828000;00:01:38:510000;
2025-10-29	17:11:53.239806	1761768713.239806;2025-10-29	17:24:03.532891	1761769443.532891;2025-10-29	17:24:13.536446	1761769453.536446;00:00:10;00:12:20;640;639.608;639.747;0;0;6398;473602;473602;62355;6380;400806;40;10441;0;0;0;0;0;0;0;0;40;10441;0;0;0;0;0;0;0;0;0;0;0;0;0;0;0;0;0;0;0;0;0;0;0;0;0;0;0;0;0;33;0;0;40;10442;0;0;0;0;0;0;00:00:00:000000;00:00:00:001000;00:00:00:001000;00:00:00:019000;00:01:39:189000;00:01:37:279000;00:00:07:854000;00:01:38:115000;
2025-10-29	17:11:53.239806	1761768713.239806;2025-10-29	17:24:13.536695	1761769453.536695;2025-10-29	17:24:23.540973	1761769463.540973;00:00:10;00:12:30;640;640.044;639.75;0;0;6403;480005;480005;62382;6376;407182;0;10441;0;0;0;0;0;0;0;0;0;10441;0;0;0;0;0;0;0;0;0;0;0;0;0;0;0;0;0;0;0;0;0;0;0;0;0;0;0;0;0;33;0;0;0;10442;0;0;0;0;0;0;00:00:00:002000;00:00:00:001000;00:00:00:005000;00:00:00:019000;00:01:39:810000;00:01:37:318000;00:00:00:006000;00:01:38:265000;
2025-10-29	17:11:53.239806	1761768713.239806;2025-10-29	17:24:23.541118	1761769463.541118;2025-10-29	17:24:33.544302	1761769473.544302;00:00:10;00:12:40;640;639.708;639.749;0;0;6399;486404;486404;62384;6393;413575;4;10445;0;0;0;0;0;0;0;0;4;10445;0;0;0;0;0;0;0;0;0;0;0;0;0;0;0;0;0;0;0;0;0;0;0;0;0;0;0;0;0;33;0;0;4;10446;0;0;0;0;0;0;00:00:00:000000;00:00:00:001000;00:00:00:001000;00:00:00:019000;00:01:39:746000;00:01:37:354000;00:00:02:495000;00:01:38:379000;
2025-10-29	17:11:53.239806	1761768713.239806;2025-10-29	17:24:33.544480	1761769473.544480;2025-10-29	17:24:43.548687	1761769483.548687;00:00:10;00:12:50;640;639.544;639.747;0;0;6398;492802;492802;62374;6408;419983;0;10445;0;0;0;0;0;0;0;0;0;10445;0;0;0;0;0;0;0;0;0;0;0;0;0;0;0;0;0;0;0;0;0;0;0;0;0;0;0;0;0;33;0;0;0;10446;0;0;0;0;0;0;00:00:00:000000;00:00:00:001000;00:00:00:001000;00:00:00:019000;00:01:39:809000;00:01:37:391000;00:00:00:003000;00:01:38:462000;
2025-10-29	17:11:53.239806	1761768713.239806;2025-10-29	17:24:43.548894	1761769483.548894;2025-10-29	17:24:53.552124	1761769493.552124;00:00:10;00:13:00;640;639.908;639.748;0;0;6401;499203;499203;62384;5932;425915;459;10904;0;0;0;0;0;0;0;0;459;10904;0;0;0;0;0;0;0;0;0;0;0;0;0;0;0;0;0;0;0;0;0;0;0;0;0;0;0;0;0;33;0;0;459;10905;0;0;0;0;0;0;00:00:00:000000;00:00:00:001000;00:00:00:004000;00:00:00:019000;00:01:32:642000;00:01:37:322000;00:00:25:772000;00:01:38:081000;
2025-10-29	17:11:53.239806	1761768713.239806;2025-10-29	17:24:53.552230	1761769493.552230;2025-10-29	17:25:03.556437	1761769503.556437;00:00:10;00:13:10;640;639.544;639.745;0;0;6398;505601;505601;62387;6317;432232;78;10982;0;0;0;0;0;0;0;0;78;10982;0;0;0;0;0;0;0;0;0;0;0;0;0;0;0;0;0;0;0;0;0;0;0;0;0;0;0;0;0;33;0;0;78;10983;0;0;0;0;0;0;00:00:00:000000;00:00:00:001000;00:00:00:001000;00:00:00:019000;00:01:38:591000;00:01:37:340000;00:00:10:956000;00:01:38:139000;
2025-10-29	17:11:53.239806	1761768713.239806;2025-10-29	17:25:03.557121	1761769503.557121;2025-10-29	17:25:13.560214	1761769513.560214;00:00:10;00:13:20;640;639.508;639.742;0;0;6397;511998;511998;62383;5620;437852;781;11763;0;0;0;0;0;0;0;0;781;11763;0;0;0;0;0;0;0;0;0;0;0;0;0;0;0;0;0;0;0;0;0;0;0;0;0;0;0;0;0;33;0;0;781;11764;0;0;0;0;0;0;00:00:00:000000;00:00:00:001000;00:00:00:002000;00:00:00:019000;00:01:27:633000;00:01:37:202000;00:00:32:670000;00:01:38:248000;
2025-10-29	17:11:53.239806	1761768713.239806;2025-10-29	17:25:13.560318	1761769513.560318;2025-10-29	17:25:23.564344	1761769523.564344;00:00:10;00:13:30;640;639.544;639.739;0;0;6398;518396;518396;62381;6367;444219;33;11796;0;0;0;0;0;0;0;0;33;11796;0;0;0;0;0;0;0;0;0;0;0;0;0;0;0;0;0;0;0;0;0;0;0;0;0;0;0;0;0;33;0;0;33;11797;0;0;0;0;0;0;00:00:00:000000;00:00:00:001000;00:00:00:002000;00:00:00:018000;00:01:39:294000;00:01:37:231000;00:00:07:149000;00:01:38:255000;
2025-10-29	17:11:53.239806	1761768713.239806;2025-10-29	17:25:23.564479	1761769523.564479;2025-10-29	17:25:33.568826	1761769533.568826;00:00:10;00:13:40;640;640.044;639.742;0;0;6403;524799;524799;62372;6349;450568;63;11859;0;0;0;0;0;0;0;0;63;11859;0;0;0;0;0;0;0;0;0;0;0;0;0;0;0;0;0;0;0;0;0;0;0;0;0;0;0;0;0;33;0;0;63;11860;0;0;0;0;0;0;00:00:00:001000;00:00:00:001000;00:00:00:002000;00:00:00:018000;00:01:38:829000;00:01:37:253000;00:00:09:845000;00:01:38:243000;
2025-10-29	17:11:53.239806	1761768713.239806;2025-10-29	17:25:33.568972	1761769533.568972;2025-10-29	17:25:43.572870	1761769543.572870;00:00:10;00:13:50;640;639.508;639.739;0;0;6397;531196;531196;62362;6383;456951;24;11883;0;0;0;0;0;0;0;0;24;11883;0;0;0;0;0;0;0;0;0;0;0;0;0;0;0;0;0;0;0;0;0;0;0;0;0;0;0;0;0;33;0;0;24;11884;0;0;0;0;0;0;00:00:00:000000;00:00:00:001000;00:00:00:000000;00:00:00:018000;00:01:39:436000;00:01:37:283000;00:00:06:097000;00:01:38:211000;
2025-10-29	17:11:53.239806	1761768713.239806;2025-10-29	17:25:43.572989	1761769543.572989;2025-10-29	17:25:53.576104	1761769553.576104;00:00:10;00:14:00;640;639.708;639.738;0;0;6399;537595;537595;62373;6359;463310;29;11912;0;0;0;0;0;0;0;0;29;11912;0;0;0;0;0;0;0;0;0;0;0;0;0;0;0;0;0;0;0;0;0;0;0;0;0;0;0;0;0;33;0;0;29;11913;0;0;0;0;0;0;00:00:00:000000;00:00:00:001000;00:00:00:000000;00:00:00:018000;00:01:39:355000;00:01:37:311000;00:00:06:709000;00:01:38:167000;
2025-10-29	17:11:53.239806	1761768713.239806;2025-10-29	17:25:53.576238	1761769553.576238;2025-10-29	17:26:03.580916	1761769563.580916;00:00:10;00:14:10;640;639.644;639.736;0;0;6399;543994;543994;62349;6402;469712;21;11933;0;0;0;0;0;0;0;0;21;11933;0;0;0;0;0;0;0;0;0;0;0;0;0;0;0;0;0;0;0;0;0;0;0;0;0;0;0;0;0;33;0;0;21;11934;0;0;0;0;0;0;00:00:00:000000;00:00:00:001000;00:00:00:002000;00:00:00:018000;00:01:39:487000;00:01:37:340000;00:00:05:698000;00:01:38:505000;
2025-10-29	17:11:53.239806	1761768713.239806;2025-10-29	17:26:03.581030	1761769563.581030;2025-10-29	17:26:13.584331	1761769573.584331;00:00:10;00:14:20;640;639.608;639.735;0;0;6398;550392;550392;62352;6395;476107;0;11933;0;0;0;0;0;0;0;0;0;11933;0;0;0;0;0;0;0;0;0;0;0;0;0;0;0;0;0;0;0;0;0;0;0;0;0;0;0;0;0;33;0;0;0;11934;0;0;0;0;0;0;00:00:00:000000;00:00:00:001000;00:00:00:001000;00:00:00:018000;00:01:39:809000;00:01:37:372000;00:00:00:004000;00:01:38:418000;
2025-10-29	17:11:53.239806	1761768713.239806;2025-10-29	17:26:13.584547	1761769573.584547;2025-10-29	17:26:23.589030	1761769583.589030;00:00:10;00:14:30;640;640.044;639.738;0;0;6403;556795;556795;62356;6399;482506;0;11933;0;0;0;0;0;0;0;0;0;11933;0;0;0;0;0;0;0;0;0;0;0;0;0;0;0;0;0;0;0;0;0;0;0;0;0;0;0;0;0;33;0;0;0;11934;0;0;0;0;0;0;00:00:00:000000;00:00:00:001000;00:00:00:000000;00:00:00:018000;00:01:39:809000;00:01:37:404000;00:00:00:004000;00:01:38:319000;
2025-10-29	17:11:53.239806	1761768713.239806;2025-10-29	17:26:23.589212	1761769583.589212;2025-10-29	17:26:33.592493	1761769593.592493;00:00:10;00:14:40;640;639.608;639.736;0;0;6398;563193;563193;62465;5862;488368;427;12360;0;0;0;0;0;0;0;0;427;12360;0;0;0;0;0;0;0;0;0;0;0;0;0;0;0;0;0;0;0;0;0;0;0;0;0;0;0;0;0;33;0;0;427;12361;0;0;0;0;0;0;00:00:00:006000;00:00:00:001000;00:00:00:019000;00:00:00:018000;00:01:33:039000;00:01:37:349000;00:00:25:111000;00:01:38:270000;
2025-10-29	17:11:53.239806	1761768713.239806;2025-10-29	17:26:33.592634	1761769593.592634;2025-10-29	17:26:43.596430	1761769603.596430;00:00:10;00:14:50;640;639.708;639.735;0;0;6399;569592;569592;62384;6389;494757;91;12451;0;0;0;0;0;0;0;0;91;12451;0;0;0;0;0;0;0;0;0;0;0;0;0;0;0;0;0;0;0;0;0;0;0;0;0;0;0;0;0;33;0;0;91;12452;0;0;0;0;0;0;00:00:00:006000;00:00:00:001000;00:00:00:024000;00:00:00:018000;00:01:38:413000;00:01:37:363000;00:00:11:744000;00:01:38:506000;
2025-10-29	17:11:53.239806	1761768713.239806;2025-10-29	17:26:43.596551	1761769603.596551;2025-10-29	17:26:53.600904	1761769613.600904;00:00:10;00:15:00;640;639.944;639.737;0;0;6402;575994;575994;62386;5624;500381;776;13227;0;0;0;0;0;0;0;0;776;13227;0;0;0;0;0;0;0;0;0;0;0;0;0;0;0;0;0;0;0;0;0;0;0;0;0;0;0;0;0;33;0;0;776;13228;0;0;0;0;0;0;00:00:00:001000;00:00:00:001000;00:00:00:003000;00:00:00:018000;00:01:27:707000;00:01:37:242000;00:00:32:582000;00:01:38:439000;
2025-10-29	17:11:53.239806	1761768713.239806;2025-10-29	17:26:53.601136	1761769613.601136;2025-10-29	17:27:03.604432	1761769623.604432;00:00:10;00:15:10;640;639.908;639.739;0;0;6401;582395;582395;62376;6362;506743;49;13276;0;0;0;0;0;0;0;0;49;13276;0;0;0;0;0;0;0;0;0;0;0;0;0;0;0;0;0;0;0;0;0;0;0;0;0;0;0;0;0;33;0;0;49;13277;0;0;0;0;0;0;00:00:00:000000;00:00:00:001000;00:00:00:001000;00:00:00:018000;00:01:39:047000;00:01:37:264000;00:00:08:693000;00:01:38:293000;
2025-10-29	17:11:53.239806	1761768713.239806;2025-10-29	17:27:03.604588	1761769623.604588;2025-10-29	17:27:13.608262	1761769633.608262;00:00:10;00:15:20;640;639.608;639.737;0;0;6398;588793;588793;62376;6335;513078;63;13339;0;0;0;0;0;0;0;0;63;13339;0;0;0;0;0;0;0;0;0;0;0;0;0;0;0;0;0;0;0;0;0;0;0;0;0;0;0;0;0;33;0;0;63;13340;0;0;0;0;0;0;00:00:00:000000;00:00:00:001000;00:00:00:001000;00:00:00:018000;00:01:38:827000;00:01:37:283000;00:00:09:856000;00:01:38:481000;
2025-10-29	17:11:53.239806	1761768713.239806;2025-10-29	17:27:13.608426	1761769633.608426;2025-10-29	17:27:23.612164	1761769643.612164;00:00:10;00:15:30;640;639.208;639.73;0;0;6394;595187;595187;62368;6384;519462;18;13357;0;0;0;0;0;0;0;0;18;13357;0;0;0;0;0;0;0;0;0;0;0;0;0;0;0;0;0;0;0;0;0;0;0;0;0;0;0;0;0;33;0;0;18;13358;0;0;0;0;0;0;00:00:00:001000;00:00:00:001000;00:00:00:003000;00:00:00:018000;00:01:39:528000;00:01:37:310000;00:00:05:285000;00:01:38:311000;
2025-10-29	17:11:53.239806	1761768713.239806;2025-10-29	17:27:23.612248	1761769643.612248;2025-10-29	17:27:33.617102	1761769653.617102;00:00:10;00:15:40;640;639.644;639.729;0;0;6399;601586;601586;62384;6368;525830;15;13372;0;0;0;0;0;0;0;0;15;13372;0;0;0;0;0;0;0;0;0;0;0;0;0;0;0;0;0;0;0;0;0;0;0;0;0;0;0;0;0;33;0;0;15;13373;0;0;0;0;0;0;00:00:00:000000;00:00:00:001000;00:00:00:002000;00:00:00:017000;00:01:39:573000;00:01:37:337000;00:00:04:833000;00:01:38:461000;
2025-10-29	17:11:53.239806	1761768713.239806;2025-10-29	17:27:33.617248	1761769653.617248;2025-10-29	17:27:43.621113	1761769663.621113;00:00:10;00:15:50;640;639.608;639.727;0;0;6398;607984;607984;62373;6381;532211;28;13400;0;0;0;0;0;0;0;0;28;13400;0;0;0;0;0;0;0;0;0;0;0;0;0;0;0;0;0;0;0;0;0;0;0;0;0;0;0;0;0;33;0;0;28;13401;0;0;0;0;0;0;00:00:00:000000;00:00:00:001000;00:00:00:001000;00:00:00:017000;00:01:39:373000;00:01:37:361000;00:00:06:583000;00:01:38:272000;
2025-10-29	17:11:53.239806	1761768713.239806;2025-10-29	17:27:43.621275	1761769663.621275;2025-10-29	17:27:53.624099	1761769673.624099;00:00:10;00:16:00;640;639.772;639.726;0;0;6399;614383;614383;62376;6396;538607;0;13400;0;0;0;0;0;0;0;0;0;13400;0;0;0;0;0;0;0;0;0;0;0;0;0;0;0;0;0;0;0;0;0;0;0;0;0;0;0;0;0;33;0;0;0;13401;0;0;0;0;0;0;00:00:00:000000;00:00:00:001000;00:00:00:002000;00:00:00:017000;00:01:39:809000;00:01:37:389000;00:00:00:004000;00:01:38:386000;
2025-10-29	17:11:53.239806	1761768713.239806;2025-10-29	17:27:53.624198	1761769673.624198;2025-10-29	17:28:03.628158	1761769683.628158;00:00:10;00:16:10;640;640.008;639.729;0;0;6402;620785;620785;62380;6398;545005;0;13400;0;0;0;0;0;0;0;0;0;13400;0;0;0;0;0;0;0;0;0;0;0;0;0;0;0;0;0;0;0;0;0;0;0;0;0;0;0;0;0;33;0;0;0;13401;0;0;0;0;0;0;00:00:00:001000;00:00:00:001000;00:00:00:002000;00:00:00:017000;00:01:39:809000;00:01:37:417000;00:00:00:003000;00:01:38:482000;
2025-10-29	17:11:53.239806	1761768713.239806;2025-10-29	17:28:03.628335	1761769683.628335;2025-10-29	17:28:13.632100	1761769693.632100;00:00:10;00:16:20;640;639.708;639.728;0;0;6399;627184;627184;62382;5809;550814;588;13988;0;0;0;0;0;0;0;0;588;13988;0;0;0;0;0;0;0;0;0;0;0;0;0;0;0;0;0;0;0;0;0;0;0;0;0;0;0;0;0;33;0;0;588;13989;0;0;0;0;0;0;00:00:00:000000;00:00:00:001000;00:00:00:001000;00:00:00:017000;00:01:30:650000;00:01:37:341000;00:00:28:843000;00:01:38:317000;
2025-10-29	17:11:53.239806	1761768713.239806;2025-10-29	17:28:13.632257	1761769693.632257;2025-10-29	17:28:23.636116	1761769703.636116;00:00:10;00:16:30;640;640.008;639.73;0;0;6402;633586;633586;62329;6455;557269;0;13988;0;0;0;0;0;0;0;0;0;13988;0;0;0;0;0;0;0;0;0;0;0;0;0;0;0;0;0;0;0;0;0;0;0;0;0;0;0;0;0;33;0;0;0;13989;0;0;0;0;0;0;00:00:00:001000;00:00:00:001000;00:00:00:003000;00:00:00:017000;00:01:39:818000;00:01:37:369000;00:00:00:037000;00:01:38:376000;
2025-10-29	17:11:53.239806	1761768713.239806;2025-10-29	17:28:23.636291	1761769703.636291;2025-10-29	17:28:33.640581	1761769713.640581;00:00:10;00:16:40;640;640.044;639.733;0;0;6403;639989;639989;62386;5644;562913;702;14690;0;0;0;0;0;0;0;0;702;14690;0;0;0;0;0;0;0;0;0;0;0;0;0;0;0;0;0;0;0;0;0;0;0;0;0;0;0;0;0;33;0;0;702;14691;0;0;0;0;0;0;00:00:00:000000;00:00:00:001000;00:00:00:000000;00:00:00:017000;00:01:28:768000;00:01:37:274000;00:00:31:308000;00:01:38:497000;
2025-10-29	17:11:53.239806	1761768713.239806;2025-10-29	17:28:33.640737	1761769713.640737;2025-10-29	17:28:43.645008	1761769723.645008;00:00:10;00:16:50;640;639.644;639.732;0;0;6399;646388;646388;62378;6356;569269;51;14741;0;0;0;0;0;0;0;0;51;14741;0;0;0;0;0;0;0;0;0;0;0;0;0;0;0;0;0;0;0;0;0;0;0;0;0;0;0;0;0;33;0;0;51;14742;0;0;0;0;0;0;00:00:00:001000;00:00:00:001000;00:00:00:003000;00:00:00:017000;00:01:39:014000;00:01:37:293000;00:00:08:869000;00:01:38:539000;
2025-10-29	17:11:53.239806	1761768713.239806;2025-10-29	17:28:43.645157	1761769723.645157;2025-10-29	17:28:53.648406	1761769733.648406;00:00:10;00:17:00;640;639.008;639.725;0;0;6392;652780;652780;62373;6336;575605;61;14802;0;0;0;0;0;0;0;0;61;14802;0;0;0;0;0;0;0;0;0;0;0;0;0;0;0;0;0;0;0;0;0;0;0;0;0;0;0;0;0;33;0;0;61;14803;0;0;0;0;0;0;00:00:00:000000;00:00:00:001000;00:00:00:001000;00:00:00:017000;00:01:38:857000;00:01:37:310000;00:00:09:700000;00:01:38:301000;
2025-10-29	17:11:53.239806	1761768713.239806;2025-10-29	17:28:53.648588	1761769733.648588;2025-10-29	17:29:03.652205	1761769743.652205;00:00:10;00:17:10;640;640.108;639.728;0;0;6403;659183;659183;62380;6374;581979;22;14824;0;0;0;0;0;0;0;0;22;14824;0;0;0;0;0;0;0;0;0;0;0;0;0;0;0;0;0;0;0;0;0;0;0;0;0;0;0;0;0;33;0;0;22;14825;0;0;0;0;0;0;00:00:00:002000;00:00:00:001000;00:00:00:004000;00:00:00:017000;00:01:39:468000;00:01:37:333000;00:00:05:844000;00:01:38:322000;
2025-10-29	17:11:53.239806	1761768713.239806;2025-10-29	17:29:03.652389	1761769743.652389;2025-10-29	17:29:13.656341	1761769753.656341;00:00:10;00:17:20;640;639.508;639.725;0;0;6397;665580;665580;62362;6385;588364;30;14854;0;0;0;0;0;0;0;0;30;14854;0;0;0;0;0;0;0;0;0;0;0;0;0;0;0;0;0;0;0;0;0;0;0;0;0;0;0;0;0;33;0;0;30;14855;0;0;0;0;0;0;00:00:00:001000;00:00:00:001000;00:00:00:003000;00:00:00:017000;00:01:39:343000;00:01:37:355000;00:00:06:810000;00:01:38:329000;
2025-10-29	17:11:53.239806	1761768713.239806;2025-10-29	17:29:13.656514	1761769753.656514;2025-10-29	17:29:23.660145	1761769763.660145;00:00:10;00:17:30;640;639.708;639.724;0;0;6399;671979;671979;62376;6369;594733;16;14870;0;0;0;0;0;0;0;0;16;14870;0;0;0;0;0;0;0;0;0;0;0;0;0;0;0;0;0;0;0;0;0;0;0;0;0;0;0;0;0;33;0;0;16;14871;0;0;0;0;0;0;00:00:00:000000;00:00:00:001000;00:00:00:002000;00:00:00:017000;00:01:39:558000;00:01:37:378000;00:00:04:990000;00:01:38:580000;
2025-10-29	17:11:53.239806	1761768713.239806;2025-10-29	17:29:23.660338	1761769763.660338;2025-10-29	17:29:33.664408	1761769773.664408;00:00:10;00:17:40;640;639.344;639.721;0;0;6396;678375;678375;62360;6400;601133;12;14882;0;0;0;0;0;0;0;0;12;14882;0;0;0;0;0;0;0;0;0;0;0;0;0;0;0;0;0;0;0;0;0;0;0;0;0;0;0;0;0;33;0;0;12;14883;0;0;0;0;0;0;00:00:00:001000;00:00:00:001000;00:00:00:004000;00:00:00:016000;00:01:39:623000;00:01:37:401000;00:00:04:314000;00:01:38:559000;
2025-10-29	17:11:53.239806	1761768713.239806;2025-10-29	17:29:33.664538	1761769773.664538;2025-10-29	17:29:43.668224	1761769783.668224;00:00:10;00:17:50;640;639.708;639.72;0;0;6399;684774;684774;62357;6401;607534;1;14883;0;0;0;0;0;0;0;0;1;14883;0;0;0;0;0;0;0;0;0;0;0;0;0;0;0;0;0;0;0;0;0;0;0;0;0;0;0;0;0;33;0;0;1;14884;0;0;0;0;0;0;00:00:00:000000;00:00:00:001000;00:00:00:001000;00:00:00:016000;00:01:39:795000;00:01:37:426000;00:00:01:247000;00:01:38:530000;
2025-10-29	17:11:53.239806	1761768713.239806;2025-10-29	17:29:43.668347	1761769783.668347;2025-10-29	17:29:53.672707	1761769793.672707;00:00:10;00:18:00;640;639.544;639.718;0;0;6398;691172;691172;62373;5811;613345;571;15454;0;0;0;0;0;0;0;0;571;15454;0;0;0;0;0;0;0;0;0;0;0;0;0;0;0;0;0;0;0;0;0;0;0;0;0;0;0;0;0;33;0;0;571;15455;0;0;0;0;0;0;00:00:00:000000;00:00:00:001000;00:00:00:001000;00:00:00:016000;00:01:30:879000;00:01:37:359000;00:00:28:489000;00:01:38:538000;
2025-10-29	17:11:53.239806	1761768713.239806;2025-10-29	17:29:53.672800	1761769793.672800;2025-10-29	17:30:03.676415	1761769803.676415;00:00:10;00:18:10;640;639.708;639.718;0;0;6399;697571;697571;62357;6400;619745;15;15469;0;0;0;0;0;0;0;0;15;15469;0;0;0;0;0;0;0;0;0;0;0;0;0;0;0;0;0;0;0;0;0;0;0;0;0;0;0;0;0;33;0;0;15;15470;0;0;0;0;0;0;00:00:00:000000;00:00:00:001000;00:00:00:001000;00:00:00:016000;00:01:39:576000;00:01:37:382000;00:00:04:821000;00:01:38:489000;
2025-10-29	17:11:53.239806	1761768713.239806;2025-10-29	17:30:03.676590	1761769803.676590;2025-10-29	17:30:13.680214	1761769813.680214;00:00:10;00:18:20;640;639.908;639.719;0;0;6401;703972;703972;62378;5702;625447;678;16147;0;0;0;0;0;0;0;0;678;16147;0;0;0;0;0;0;0;0;0;0;0;0;0;0;0;0;0;0;0;0;0;0;0;0;0;0;0;0;0;33;0;0;678;16148;0;0;0;0;0;0;00:00:00:000000;00:00:00:001000;00:00:00:000000;00:00:00:016000;00:01:29:202000;00:01:37:300000;00:00:30:761000;00:01:38:487000;
2025-10-29	17:11:53.239806	1761768713.239806;2025-10-29	17:30:13.680353	1761769813.680353;2025-10-29	17:30:23.684165	1761769823.684165;00:00:10;00:18:30;640;639.608;639.717;0;0;6398;710370;710370;62374;6348;631795;54;16201;0;0;0;0;0;0;0;0;54;16201;0;0;0;0;0;0;0;0;0;0;0;0;0;0;0;0;0;0;0;0;0;0;0;0;0;0;0;0;0;33;0;0;54;16202;0;0;0;0;0;0;00:00:00:000000;00:00:00:001000;00:00:00:003000;00:00:00:016000;00:01:38:970000;00:01:37:317000;00:00:09:128000;00:01:38:428000;
2025-10-29	17:11:53.239806	1761768713.239806;2025-10-29	17:30:23.684296	1761769823.684296;2025-10-29	17:30:33.688185	1761769833.688185;00:00:10;00:18:40;640;639.508;639.715;0;0;6397;716767;716767;62380;6332;638127;59;16260;0;0;0;0;0;0;0;0;59;16260;0;0;0;0;0;0;0;0;0;0;0;0;0;0;0;0;0;0;0;0;0;0;0;0;0;0;0;0;0;33;0;0;59;16261;0;0;0;0;0;0;00:00:00:000000;00:00:00:001000;00:00:00:001000;00:00:00:016000;00:01:38:887000;00:01:37:332000;00:00:09:546000;00:01:38:363000;
2025-10-29	17:11:53.239806	1761768713.239806;2025-10-29	17:30:33.688317	1761769833.688317;2025-10-29	17:30:43.692297	1761769843.692297;00:00:10;00:18:50;640;639.608;639.713;0;0;6398;723165;723165;62364;6381;644508;33;16293;0;0;0;0;0;0;0;0;33;16293;0;0;0;0;0;0;0;0;0;0;0;0;0;0;0;0;0;0;0;0;0;0;0;0;0;0;0;0;0;33;0;0;33;16294;0;0;0;0;0;0;00:00:00:000000;00:00:00:001000;00:00:00:002000;00:00:00:016000;00:01:39:299000;00:01:37:351000;00:00:07:141000;00:01:38:501000;
2025-10-29	17:11:53.239806	1761768713.239806;2025-10-29	17:30:43.692498	1761769843.692498;2025-10-29	17:30:53.696261	1761769853.696261;00:00:10;00:19:00;640;638.808;639.705;0;0;6390;729555;729555;62365;6368;650876;21;16314;0;0;0;0;0;0;0;0;21;16314;0;0;0;0;0;0;0;0;0;0;0;0;0;0;0;0;0;0;0;0;0;0;0;0;0;0;0;0;0;33;0;0;21;16315;0;0;0;0;0;0;00:00:00:000000;00:00:00:001000;00:00:00:001000;00:00:00:016000;00:01:39:483000;00:01:37:372000;00:00:05:713000;00:01:38:417000;
2025-10-29	17:11:53.239806	1761768713.239806;2025-10-29	17:30:53.696388	1761769853.696388;2025-10-29	17:31:03.700303	1761769863.700303;00:00:10;00:19:10;640;640.008;639.707;0;0;6402;735957;735957;62377;6383;657259;7;16321;0;0;0;0;0;0;0;0;7;16321;0;0;0;0;0;0;0;0;0;0;0;0;0;0;0;0;0;0;0;0;0;0;0;0;0;0;0;0;0;33;0;0;7;16322;0;0;0;0;0;0;00:00:00:000000;00:00:00:001000;00:00:00:000000;00:00:00:016000;00:01:39:699000;00:01:37:394000;00:00:03:301000;00:01:38:533000;
2025-10-29	17:11:53.239806	1761768713.239806;2025-10-29	17:31:03.700423	1761769863.700423;2025-10-29	17:31:13.704112	1761769873.704112;00:00:10;00:19:20;640;639.608;639.705;0;0;6398;742355;742355;62371;6383;663642;21;16342;0;0;0;0;0;0;0;0;21;16342;0;0;0;0;0;0;0;0;0;0;0;0;0;0;0;0;0;0;0;0;0;0;0;0;0;0;0;0;0;33;0;0;21;16343;0;0;0;0;0;0;00:00:00:000000;00:00:00:001000;00:00:00:001000;00:00:00:016000;00:01:39:483000;00:01:37:413000;00:00:05:706000;00:01:38:432000;
2025-10-29	17:11:53.239806	1761768713.239806;2025-10-29	17:31:13.704274	1761769873.704274;2025-10-29	17:31:23.708937	1761769883.708937;00:00:10;00:19:30;640;639.444;639.703;0;0;6397;748752;748752;62352;6398;670040;18;16360;0;0;0;0;0;0;0;0;18;16360;0;0;0;0;0;0;0;0;0;0;0;0;0;0;0;0;0;0;0;0;0;0;0;0;0;0;0;0;0;33;0;0;18;16361;0;0;0;0;0;0;00:00:00:000000;00:00:00:001000;00:00:00:001000;00:00:00:016000;00:01:39:530000;00:01:37:433000;00:00:05:279000;00:01:38:523000;
2025-10-29	17:11:53.239806	1761768713.239806;2025-10-29	17:31:23.709072	1761769883.709072;2025-10-29	17:31:33.712638	1761769893.712638;00:00:10;00:19:40;640;639.708;639.703;0;0;6399;755151;755151;62390;5827;675867;534;16894;0;0;0;0;0;0;0;0;534;16894;0;0;0;0;0;0;0;0;0;0;0;0;0;0;0;0;0;0;0;0;0;0;0;0;0;0;0;0;0;33;0;0;534;16895;0;0;0;0;0;0;00:00:00:000000;00:00:00:001000;00:00:00:001000;00:00:00:016000;00:01:31:429000;00:01:37:378000;00:00:27:679000;00:01:38:451000;
2025-10-29	17:11:53.239806	1761768713.239806;2025-10-29	17:31:33.712770	1761769893.712770;2025-10-29	17:31:43.716621	1761769903.716621;00:00:10;00:19:50;640;639.908;639.704;0;0;6401;761552;761552;62385;6377;682244;29;16923;0;0;0;0;0;0;0;0;29;16923;0;0;0;0;0;0;0;0;0;0;0;0;0;0;0;0;0;0;0;0;0;0;0;0;0;0;0;0;0;33;0;0;29;16924;0;0;0;0;0;0;00:00:00:000000;00:00:00:001000;00:00:00:001000;00:00:00:016000;00:01:39:357000;00:01:37:396000;00:00:06:700000;00:01:38:524000;
2025-10-29	17:11:53.239806	1761768713.239806;2025-10-29	17:31:43.716716	1761769903.716716;2025-10-29	17:31:53.720299	1761769913.720299;00:00:10;00:20:00;640;639.108;639.698;0;0;6393;767945;767945;62382;5725;687969;671;17594;0;0;0;0;0;0;0;0;671;17594;0;0;0;0;0;0;0;0;0;0;0;0;0;0;0;0;0;0;0;0;0;0;0;0;0;0;0;0;0;33;0;0;671;17595;0;0;0;0;0;0;00:00:00:000000;00:00:00:001000;00:00:00:001000;00:00:00:015000;00:01:29:337000;00:01:37:323000;00:00:30:587000;00:01:38:444000;
2025-10-29	17:11:53.239806	1761768713.239806;2025-10-29	17:31:53.720446	1761769913.720446;2025-10-29	17:32:03.724686	1761769923.724686;00:00:10;00:20:10;640;639.444;639.696;0;0;6397;774342;774342;62370;6342;694311;67;17661;0;0;0;0;0;0;0;0;67;17661;0;0;0;0;0;0;0;0;0;0;0;0;0;0;0;0;0;0;0;0;0;0;0;0;0;0;0;0;0;33;0;0;67;17662;0;0;0;0;0;0;00:00:00:000000;00:00:00:001000;00:00:00:004000;00:00:00:015000;00:01:38:767000;00:01:37:336000;00:00:10:151000;00:01:38:502000;
2025-10-29	17:11:53.239806	1761768713.239806;2025-10-29	17:32:03.724900	1761769923.724900;2025-10-29	17:32:13.729165	1761769933.729165;00:00:10;00:20:20;640;639.944;639.698;0;0;6402;780744;780744;62375;6343;700654;54;17715;0;0;0;0;0;0;0;0;54;17715;0;0;0;0;0;0;0;0;0;0;0;0;0;0;0;0;0;0;0;0;0;0;0;0;0;0;0;0;0;33;0;0;54;17716;0;0;0;0;0;0;00:00:00:000000;00:00:00:001000;00:00:00:003000;00:00:00:015000;00:01:38:967000;00:01:37:351000;00:00:09:131000;00:01:38:550000;
2025-10-29	17:11:53.239806	1761768713.239806;2025-10-29	17:32:13.729285	1761769933.729285;2025-10-29	17:32:23.732342	1761769943.732342;00:00:10;00:20:30;640;639.708;639.698;0;0;6399;787143;787143;62372;6362;707016;40;17755;0;0;0;0;0;0;0;0;40;17755;0;0;0;0;0;0;0;0;0;0;0;0;0;0;0;0;0;0;0;0;0;0;0;0;0;0;0;0;0;33;0;0;40;17756;0;0;0;0;0;0;00:00:00:000000;00:00:00:001000;00:00:00:001000;00:00:00:015000;00:01:39:185000;00:01:37:367000;00:00:07:865000;00:01:38:410000;
2025-10-29	17:11:53.239806	1761768713.239806;2025-10-29	17:32:23.732494	1761769943.732494;2025-10-29	17:32:33.736837	1761769953.736837;00:00:10;00:20:40;640;639.044;639.692;0;0;6393;793536;793536;62376;6375;713391;14;17769;0;0;0;0;0;0;0;0;14;17769;0;0;0;0;0;0;0;0;0;0;0;0;0;0;0;0;0;0;0;0;0;0;0;0;0;0;0;0;0;33;0;0;14;17770;0;0;0;0;0;0;00:00:00:001000;00:00:00:001000;00:00:00:004000;00:00:00:015000;00:01:39:591000;00:01:37:386000;00:00:04:667000;00:01:38:442000;
2025-10-29	17:11:53.239806	1761768713.239806;2025-10-29	17:32:33.736979	1761769953.736979;2025-10-29	17:32:43.740833	1761769963.740833;00:00:10;00:20:50;640;640.108;639.695;0;0;6403;799939;799939;62379;6392;719783;8;17777;0;0;0;0;0;0;0;0;8;17777;0;0;0;0;0;0;0;0;0;0;0;0;0;0;0;0;0;0;0;0;0;0;0;0;0;0;0;0;0;33;0;0;8;17778;0;0;0;0;0;0;00:00:00:000000;00:00:00:001000;00:00:00:000000;00:00:00:015000;00:01:39:684000;00:01:37:406000;00:00:03:526000;00:01:38:464000;
2025-10-29	17:11:53.239806	1761768713.239806;2025-10-29	17:32:43.740987	1761769963.740987;2025-10-29	17:32:53.744412	1761769973.744412;00:00:10;00:21:00;640;639.708;639.695;0;0;6399;806338;806338;62382;6380;726163;16;17793;0;0;0;0;0;0;0;0;16;17793;0;0;0;0;0;0;0;0;0;0;0;0;0;0;0;0;0;0;0;0;0;0;0;0;0;0;0;0;0;33;0;0;16;17794;0;0;0;0;0;0;00:00:00:000000;00:00:00:001000;00:00:00:000000;00:00:00:015000;00:01:39:558000;00:01:37:425000;00:00:04:986000;00:01:38:478000;
2025-10-29	17:11:53.239806	1761768713.239806;2025-10-29	17:32:53.744552	1761769973.744552;2025-10-29	17:33:03.748537	1761769983.748537;00:00:10;00:21:10;640;639.108;639.69;0;0;6393;812731;812731;62369;6380;732543;26;17819;0;0;0;0;0;0;0;0;26;17819;0;0;0;0;0;0;0;0;0;0;0;0;0;0;0;0;0;0;0;0;0;0;0;0;0;0;0;0;0;33;0;0;26;17820;0;0;0;0;0;0;00:00:00:000000;00:00:00:001000;00:00:00:001000;00:00:00:015000;00:01:39:403000;00:01:37:442000;00:00:06:346000;00:01:38:485000;
2025-10-29	17:11:53.239806	1761768713.239806;2025-10-29	17:33:03.748674	1761769983.748674;2025-10-29	17:33:13.752148	1761769993.752148;00:00:10;00:21:20;640;639.308;639.686;0;0;6395;819126;819126;62386;5863;738406;515;18334;0;0;0;0;0;0;0;0;515;18334;0;0;0;0;0;0;0;0;0;0;0;0;0;0;0;0;0;0;0;0;0;0;0;0;0;0;0;0;0;33;0;0;515;18335;0;0;0;0;0;0;00:00:00:000000;00:00:00:001000;00:00:00:001000;00:00:00:015000;00:01:31:749000;00:01:37:394000;00:00:27:194000;00:01:38:519000;
2025-10-29	17:11:53.239806	1761768713.239806;2025-10-29	17:33:13.752292	1761769993.752292;2025-10-29	17:33:23.757142	1761770003.757142;00:00:10;00:21:30;640;639.544;639.685;0;0;6398;825524;825524;62384;6371;744777;29;18363;0;0;0;0;0;0;0;0;29;18363;0;0;0;0;0;0;0;0;0;0;0;0;0;0;0;0;0;0;0;0;0;0;0;0;0;0;0;0;0;33;0;0;29;18364;0;0;0;0;0;0;00:00:00:000000;00:00:00:001000;00:00:00:003000;00:00:00:015000;00:01:39:357000;00:01:37:410000;00:00:06:703000;00:01:38:512000;
2025-10-29	17:11:53.239806	1761768713.239806;2025-10-29	17:33:23.757314	1761770003.757314;2025-10-29	17:33:33.760172	1761770013.760172;00:00:10;00:21:40;640;639.772;639.685;0;0;6399;831923;831923;62390;5718;750495;675;19038;0;0;0;0;0;0;0;0;675;19038;0;0;0;0;0;0;0;0;0;0;0;0;0;0;0;0;0;0;0;0;0;0;0;0;0;0;0;0;0;33;0;0;675;19039;0;0;0;0;0;0;00:00:00:001000;00:00:00:001000;00:00:00:004000;00:00:00:015000;00:01:29:272000;00:01:37:342000;00:00:30:674000;00:01:38:539000;
2025-10-29	17:11:53.239806	1761768713.239806;2025-10-29	17:33:33.760314	1761770013.760314;2025-10-29	17:33:43.764244	1761770023.764244;00:00:10;00:21:50;640;639.608;639.684;0;0;6398;838321;838321;62378;6333;756828;77;19115;0;0;0;0;0;0;0;0;77;19115;0;0;0;0;0;0;0;0;0;0;0;0;0;0;0;0;0;0;0;0;0;0;0;0;0;0;0;0;0;33;0;0;77;19116;0;0;0;0;0;0;00:00:00:001000;00:00:00:001000;00:00:00:002000;00:00:00:015000;00:01:38:611000;00:01:37:353000;00:00:10:874000;00:01:38:521000;
2025-10-29	17:11:53.239806	1761768713.239806;2025-10-29	17:33:43.764459	1761770023.764459;2025-10-29	17:33:53.768294	1761770033.768294;00:00:10;00:22:00;640;640.108;639.687;0;0;6403;844724;844724;62365;6345;763173;71;19186;0;0;0;0;0;0;0;0;71;19186;0;0;0;0;0;0;0;0;0;0;0;0;0;0;0;0;0;0;0;0;0;0;0;0;0;0;0;0;0;33;0;0;71;19187;0;0;0;0;0;0;00:00:00:000000;00:00:00:001000;00:00:00:001000;00:00:00:015000;00:01:38:705000;00:01:37:364000;00:00:10:441000;00:01:38:496000;
2025-10-29	17:11:53.239806	1761768713.239806;2025-10-29	17:33:53.768494	1761770033.768494;2025-10-29	17:34:03.772256	1761770043.772256;00:00:10;00:22:10;640;639.408;639.684;0;0;6396;851120;851120;62381;6363;769536;17;19203;0;0;0;0;0;0;0;0;17;19203;0;0;0;0;0;0;0;0;0;0;0;0;0;0;0;0;0;0;0;0;0;0;0;0;0;0;0;0;0;33;0;0;17;19204;0;0;0;0;0;0;00:00:00:000000;00:00:00:001000;00:00:00:000000;00:00:00:015000;00:01:39:542000;00:01:37:382000;00:00:05:145000;00:01:38:466000;
2025-10-29	17:11:53.239806	1761768713.239806;2025-10-29	17:34:03.772360	1761770043.772360;2025-10-29	17:34:13.776250	1761770053.776250;00:00:10;00:22:20;640;639.708;639.684;0;0;6399;857519;857519;62368;6377;775913;35;19238;0;0;0;0;0;0;0;0;35;19238;0;0;0;0;0;0;0;0;0;0;0;0;0;0;0;0;0;0;0;0;0;0;0;0;0;0;0;0;0;33;0;0;35;19239;0;0;0;0;0;0;00:00:00:000000;00:00:00:001000;00:00:00:003000;00:00:00:015000;00:01:39:267000;00:01:37:397000;00:00:07:354000;00:01:38:576000;
2025-10-29	17:11:53.239806	1761768713.239806;2025-10-29	17:34:13.776395	1761770053.776395;2025-10-29	17:34:23.780464	1761770063.780464;00:00:10;00:22:30;640;640.044;639.686;0;0;6403;863922;863922;62375;6391;782304;5;19243;0;0;0;0;0;0;0;0;5;19243;0;0;0;0;0;0;0;0;0;0;0;0;0;0;0;0;0;0;0;0;0;0;0;0;0;0;0;0;0;33;0;0;5;19244;0;0;0;0;0;0;00:00:00:000000;00:00:00:001000;00:00:00:001000;00:00:00:015000;00:01:39:730000;00:01:37:415000;00:00:02:789000;00:01:38:530000;
2025-10-29	17:11:53.239806	1761768713.239806;2025-10-29	17:34:23.780677	1761770063.780677;2025-10-29	17:34:33.784941	1761770073.784941;00:00:10;00:22:40;640;639.544;639.685;0;0;6398;870320;870320;62380;6389;788693;4;19247;0;0;0;0;0;0;0;0;4;19247;0;0;0;0;0;0;0;0;0;0;0;0;0;0;0;0;0;0;0;0;0;0;0;0;0;0;0;0;0;33;0;0;4;19248;0;0;0;0;0;0;00:00:00:001000;00:00:00:001000;00:00:00:002000;00:00:00:015000;00:01:39:746000;00:01:37:434000;00:00:02:496000;00:01:38:481000;
2025-10-29	17:11:53.239806	1761768713.239806;2025-10-29	17:34:33.785030	1761770073.785030;2025-10-29	17:34:43.789062	1761770083.789062;00:00:10;00:22:50;640;639.644;639.685;0;0;6399;876719;876719;62378;6368;795061;33;19280;0;0;0;0;0;0;0;0;33;19280;0;0;0;0;0;0;0;0;0;0;0;0;0;0;0;0;0;0;0;0;0;0;0;0;0;0;0;0;0;33;0;0;33;19281;0;0;0;0;0;0;00:00:00:000000;00:00:00:001000;00:00:00:002000;00:00:00:014000;00:01:39:294000;00:01:37:449000;00:00:07:148000;00:01:38:568000;
2025-10-29	17:11:53.239806	1761768713.239806;2025-10-29	17:34:43.789163	1761770083.789163;2025-10-29	17:34:53.792124	1761770093.792124;00:00:10;00:23:00;640;639.272;639.681;0;0;6394;883113;883113;62381;5879;800940;512;19792;0;0;0;0;0;0;0;0;512;19792;0;0;0;0;0;0;0;0;0;0;0;0;0;0;0;0;0;0;0;0;0;0;0;0;0;0;0;0;0;33;0;0;512;19793;0;0;0;0;0;0;00:00:00:000000;00:00:00:001000;00:00:00:000000;00:00:00:014000;00:01:31:812000;00:01:37:405000;00:00:27:096000;00:01:38:538000;
2025-10-29	17:11:53.239806	1761768713.239806;2025-10-29	17:34:53.792260	1761770093.792260;2025-10-29	17:35:03.796332	1761770103.796332;00:00:10;00:23:10;640;639.644;639.681;0;0;6399;889512;889512;62371;6370;807310;39;19831;0;0;0;0;0;0;0;0;39;19831;0;0;0;0;0;0;0;0;0;0;0;0;0;0;0;0;0;0;0;0;0;0;0;0;0;0;0;0;0;33;0;0;39;19832;0;0;0;0;0;0;00:00:00:000000;00:00:00:001000;00:00:00:000000;00:00:00:014000;00:01:39:202000;00:01:37:419000;00:00:07:762000;00:01:38:473000;
2025-10-29	17:11:53.239806	1761768713.239806;2025-10-29	17:35:03.796487	1761770103.796487;2025-10-29	17:35:13.800165	1761770113.800165;00:00:10;00:23:20;640;640.008;639.683;0;0;6402;895914;895914;62375;5702;813012;696;20527;0;0;0;0;0;0;0;0;696;20527;0;0;0;0;0;0;0;0;0;0;0;0;0;0;0;0;0;0;0;0;0;0;0;0;0;0;0;0;0;33;0;0;696;20528;0;0;0;0;0;0;00:00:00:000000;00:00:00:001000;00:00:00:000000;00:00:00:014000;00:01:28:955000;00:01:37:354000;00:00:31:080000;00:01:38:443000;
2025-10-29	17:11:53.239806	1761768713.239806;2025-10-29	17:35:13.800289	1761770113.800289;2025-10-29	17:35:23.804682	1761770123.804682;00:00:10;00:23:30;640;639.644;639.682;0;0;6399;902313;902313;62366;6343;819355;65;20592;0;0;0;0;0;0;0;0;65;20592;0;0;0;0;0;0;0;0;0;0;0;0;0;0;0;0;0;0;0;0;0;0;0;0;0;0;0;0;0;33;0;0;65;20593;0;0;0;0;0;0;00:00:00:000000;00:00:00:001000;00:00:00:000000;00:00:00:014000;00:01:38:797000;00:01:37:365000;00:00:10:002000;00:01:38:505000;
2025-10-29	17:11:53.239806	1761768713.239806;2025-10-29	17:35:23.804885	1761770123.804885;2025-10-29	17:35:33.808241	1761770133.808241;00:00:10;00:23:40;640;640.008;639.684;0;0;6402;908715;908715;62379;6332;825687;57;20649;0;0;0;0;0;0;0;0;57;20649;0;0;0;0;0;0;0;0;0;0;0;0;0;0;0;0;0;0;0;0;0;0;0;0;0;0;0;0;0;33;0;0;57;20650;0;0;0;0;0;0;00:00:00:000000;00:00:00:001000;00:00:00:000000;00:00:00:014000;00:01:38:918000;00:01:37:376000;00:00:09:385000;00:01:38:561000;
2025-10-29	17:11:53.239806	1761768713.239806;2025-10-29	17:35:33.808351	1761770133.808351;2025-10-29	17:35:43.812143	1761770143.812143;00:00:10;00:23:50;640;639.708;639.684;0;0;6399;915114;915114;62375;6379;832066;24;20673;0;0;0;0;0;0;0;0;24;20673;0;0;0;0;0;0;0;0;0;0;0;0;0;0;0;0;0;0;0;0;0;0;0;0;0;0;0;0;0;33;0;0;24;20674;0;0;0;0;0;0;00:00:00:000000;00:00:00:001000;00:00:00:000000;00:00:00:014000;00:01:39:434000;00:01:37:392000;00:00:06:099000;00:01:38:478000;
2025-10-29	17:11:53.239806	1761768713.239806;2025-10-29	17:35:43.812263	1761770143.812263;2025-10-29	17:35:53.819466	1761770153.819466;00:00:10;00:24:00;640;639.452;639.682;0;0;6399;921513;921513;62374;6365;838431;35;20708;0;0;0;0;0;0;0;0;35;20708;0;0;0;0;0;0;0;0;0;0;0;0;0;0;0;0;0;0;0;0;0;0;0;0;0;0;0;0;0;33;0;0;35;20709;0;0;0;0;0;0;00:00:00:000000;00:00:00:001000;00:00:00:002000;00:00:00:014000;00:01:39:264000;00:01:37:406000;00:00:07:361000;00:01:38:519000;
2025-10-29	17:11:53.239806	1761768713.239806;2025-10-29	17:35:53.819571	1761770153.819571;2025-10-29	17:36:03.821060	1761770163.821060;00:00:10;00:24:10;640;639.536;639.681;0;0;6396;927909;927909;62353;6397;844828;20;20728;0;0;0;0;0;0;0;0;20;20728;0;0;0;0;0;0;0;0;0;0;0;0;0;0;0;0;0;0;0;0;0;0;0;0;0;0;0;0;0;33;0;0;20;20729;0;0;0;0;0;0;00:00:00:000000;00:00:00:001000;00:00:00:002000;00:00:00:014000;00:01:39:499000;00:01:37:421000;00:00:05:563000;00:01:38:551000;
2025-10-29	17:11:53.239806	1761768713.239806;2025-10-29	17:36:03.821234	1761770163.821234;2025-10-29	17:36:13.824445	1761770173.824445;00:00:10;00:24:20;640;639.508;639.68;0;0;6397;934306;934306;62356;6394;851222;0;20728;0;0;0;0;0;0;0;0;0;20728;0;0;0;0;0;0;0;0;0;0;0;0;0;0;0;0;0;0;0;0;0;0;0;0;0;0;0;0;0;33;0;0;0;20729;0;0;0;0;0;0;00:00:00:000000;00:00:00:001000;00:00:00:002000;00:00:00:014000;00:01:39:810000;00:01:37:439000;00:00:00:005000;00:01:38:579000;
2025-10-29	17:11:53.239806	1761768713.239806;2025-10-29	17:36:13.824544	1761770173.824544;2025-10-29	17:36:23.828169	1761770183.828169;00:00:10;00:24:30;640;639.108;639.675;0;0;6393;940699;940699;62372;6356;857578;21;20749;0;0;0;0;0;0;0;0;21;20749;0;0;0;0;0;0;0;0;0;0;0;0;0;0;0;0;0;0;0;0;0;0;0;0;0;0;0;0;0;33;0;0;21;20750;0;0;0;0;0;0;00:00:00:000000;00:00:00:001000;00:00:00:001000;00:00:00:014000;00:01:39:481000;00:01:37:454000;00:00:05:718000;00:01:38:603000;
2025-10-29	17:11:53.239806	1761768713.239806;2025-10-29	17:36:23.828305	1761770183.828305;2025-10-29	17:36:33.832095	1761770193.832095;00:00:10;00:24:40;640;639.908;639.677;0;0;6401;947100;947100;62431;5845;863423;497;21246;0;0;0;0;0;0;0;0;497;21246;0;0;0;0;0;0;0;0;0;0;0;0;0;0;0;0;0;0;0;0;0;0;0;0;0;0;0;0;0;33;0;0;497;21247;0;0;0;0;0;0;00:00:00:006000;00:00:00:001000;00:00:00:019000;00:00:00:014000;00:01:31:993000;00:01:37:414000;00:00:26:826000;00:01:38:532000;
2025-10-29	17:11:53.239806	1761768713.239806;2025-10-29	17:36:33.832269	1761770193.832269;2025-10-29	17:36:43.836180	1761770203.836180;00:00:10;00:24:50;640;640.008;639.678;0;0;6402;953502;953502;62376;6408;869831;49;21295;0;0;0;0;0;0;0;0;49;21295;0;0;0;0;0;0;0;0;0;0;0;0;0;0;0;0;0;0;0;0;0;0;0;0;0;0;0;0;0;33;0;0;49;21296;0;0;0;0;0;0;00:00:00:001000;00:00:00:001000;00:00:00:007000;00:00:00:014000;00:01:39:052000;00:01:37:426000;00:00:08:661000;00:01:38:539000;
2025-10-29	17:11:53.239806	1761768713.239806;2025-10-29	17:36:43.836304	1761770203.836304;2025-10-29	17:36:53.840269	1761770213.840269;00:00:10;00:25:00;640;639.708;639.678;0;0;6399;959901;959901;62386;5705;875536;684;21979;0;0;0;0;0;0;0;0;684;21979;0;0;0;0;0;0;0;0;0;0;0;0;0;0;0;0;0;0;0;0;0;0;0;0;0;0;0;0;0;33;0;0;684;21980;0;0;0;0;0;0;00:00:00:000000;00:00:00:001000;00:00:00:001000;00:00:00:014000;00:01:29:123000;00:01:37:367000;00:00:30:861000;00:01:38:466000;
2025-10-29	17:11:53.239806	1761768713.239806;2025-10-29	17:36:53.840392	1761770213.840392;2025-10-29	17:37:03.844452	1761770223.844452;00:00:10;00:25:10;640;639.944;639.68;0;0;6402;966303;966303;62380;6334;881870;74;22053;0;0;0;0;0;0;0;0;74;22053;0;0;0;0;0;0;0;0;0;0;0;0;0;0;0;0;0;0;0;0;0;0;0;0;0;0;0;0;0;33;0;0;74;22054;0;0;0;0;0;0;00:00:00:000000;00:00:00:001000;00:00:00:001000;00:00:00:014000;00:01:38:656000;00:01:37:376000;00:00:10:664000;00:01:38:586000;
2025-10-29	17:11:53.239806	1761768713.239806;2025-10-29	17:37:03.844624	1761770223.844624;2025-10-29	17:37:13.848429	1761770233.848429;00:00:10;00:25:20;640;640.008;639.682;0;0;6402;972705;972705;62375;6344;888214;63;22116;0;0;0;0;0;0;0;0;63;22116;0;0;0;0;0;0;0;0;0;0;0;0;0;0;0;0;0;0;0;0;0;0;0;0;0;0;0;0;0;33;0;0;63;22117;0;0;0;0;0;0;00:00:00:000000;00:00:00:001000;00:00:00:004000;00:00:00:014000;00:01:38:828000;00:01:37:387000;00:00:09:849000;00:01:38:584000;
2025-10-29	17:11:53.239806	1761768713.239806;2025-10-29	17:37:13.848569	1761770233.848569;2025-10-29	17:37:23.852483	1761770243.852483;00:00:10;00:25:30;640;639.908;639.683;0;0;6401;979106;979106;62374;6376;894590;26;22142;0;0;0;0;0;0;0;0;26;22142;0;0;0;0;0;0;0;0;0;0;0;0;0;0;0;0;0;0;0;0;0;0;0;0;0;0;0;0;0;33;0;0;26;22143;0;0;0;0;0;0;00:00:00:000000;00:00:00:001000;00:00:00:001000;00:00:00:014000;00:01:39:403000;00:01:37:401000;00:00:06:348000;00:01:38:575000;
2025-10-29	17:11:53.239806	1761768713.239806;2025-10-29	17:37:23.852616	1761770243.852616;2025-10-29	17:37:33.856232	1761770253.856232;00:00:10;00:25:40;640;639.608;639.682;0;0;6398;985504;985504;62377;6352;900942;43;22185;0;0;0;0;0;0;0;0;43;22185;0;0;0;0;0;0;0;0;0;0;0;0;0;0;0;0;0;0;0;0;0;0;0;0;0;0;0;0;0;33;0;0;43;22186;0;0;0;0;0;0;00:00:00:000000;00:00:00:001000;00:00:00:003000;00:00:00:014000;00:01:39:139000;00:01:37:413000;00:00:08:157000;00:01:38:564000;
2025-10-29	17:11:53.239806	1761768713.239806;2025-10-29	17:37:33.856326	1761770253.856326;2025-10-29	17:37:43.860211	1761770263.860211;00:00:10;00:25:50;640;639.208;639.678;0;0;6394;991898;991898;62361;6389;907331;21;22206;0;0;0;0;0;0;0;0;21;22206;0;0;0;0;0;0;0;0;0;0;0;0;0;0;0;0;0;0;0;0;0;0;0;0;0;0;0;0;0;33;0;0;21;22207;0;0;0;0;0;0;00:00:00:000000;00:00:00:001000;00:00:00:003000;00:00:00:014000;00:01:39:483000;00:01:37:427000;00:00:05:703000;00:01:38:546000;
2025-10-29	17:11:53.239806	1761768713.239806;2025-10-29	17:37:43.860333	1761770263.860333;2025-10-29	17:37:53.864056	1761770273.864056;00:00:10;00:26:00;640;639.808;639.679;0;0;6400;998298;998298;62365;6396;913727;0;22206;0;0;0;0;0;0;0;0;0;22206;0;0;0;0;0;0;0;0;0;0;0;0;0;0;0;0;0;0;0;0;0;0;0;0;0;0;0;0;0;33;0;0;0;22207;0;0;0;0;0;0;00:00:00:000000;00:00:00:001000;00:00:00:001000;00:00:00:014000;00:01:39:809000;00:01:37:443000;00:00:00:005000;00:01:38:524000;
2025-10-29	17:11:53.239806	1761768713.239806;2025-10-29	17:37:53.864177	1761770273.864177;2025-10-29	17:38:03.868555	1761770283.868555;00:00:10;00:26:10;640;170.132;636.688;0;0;1702;1000000;1000000;57695;6372;920099;0;22206;0;0;0;0;0;0;0;0;0;22206;0;0;0;0;0;0;0;0;0;0;0;0;0;0;0;0;0;0;0;0;0;0;0;0;0;0;0;0;0;33;0;0;0;22207;0;0;0;0;0;0;00:00:00:000000;00:00:00:001000;00:00:00:000000;00:00:00:014000;00:01:39:808000;00:01:37:459000;00:00:00:003000;00:01:38:606000;
2025-10-29	17:11:53.239806	1761768713.239806;2025-10-29	17:38:03.868769	1761770283.868769;2025-10-29	17:38:13.872701	1761770293.872701;00:00:10;00:26:20;640;0;632.658;0;0;0;1000000;1000000;51814;5881;925980;0;22206;0;0;0;0;0;0;0;0;0;22206;0;0;0;0;0;0;0;0;0;0;0;0;0;0;0;0;0;0;0;0;0;0;0;0;0;0;0;0;0;33;0;0;0;22207;0;0;0;0;0;0;00:00:00:000000;00:00:00:001000;00:00:00:000000;00:00:00:014000;00:01:39:824000;00:01:37:474000;00:00:00:041000;00:01:38:628000;
2025-10-29	17:11:53.239806	1761768713.239806;2025-10-29	17:38:13.872840	1761770293.872840;2025-10-29	17:38:23.876804	1761770303.876804;00:00:10;00:26:30;640;0;628.679;0;0;0;1000000;1000000;45441;6373;932353;0;22206;0;0;0;0;0;0;0;0;0;22206;0;0;0;0;0;0;0;0;0;0;0;0;0;0;0;0;0;0;0;0;0;0;0;0;0;0;0;0;0;33;0;0;0;22207;0;0;0;0;0;0;00:00:00:000000;00:00:00:001000;00:00:00:000000;00:00:00:014000;00:01:39:808000;00:01:37:489000;00:00:00:005000;00:01:38:596000;
2025-10-29	17:11:53.239806	1761768713.239806;2025-10-29	17:38:23.876942	1761770303.876942;2025-10-29	17:38:33.880379	1761770313.880379;00:00:10;00:26:40;640;0;624.75;0;0;0;1000000;1000000;39726;5715;938068;0;22206;0;0;0;0;0;0;0;0;0;22206;0;0;0;0;0;0;0;0;0;0;0;0;0;0;0;0;0;0;0;0;0;0;0;0;0;0;0;0;0;33;0;0;0;22207;0;0;0;0;0;0;00:00:00:000000;00:00:00:001000;00:00:00:000000;00:00:00:014000;00:01:39:808000;00:01:37:503000;00:00:00:004000;00:01:38:626000;
2025-10-29	17:11:53.239806	1761768713.239806;2025-10-29	17:38:33.880628	1761770313.880628;2025-10-29	17:38:43.884907	1761770323.884907;00:00:10;00:26:50;640;0;620.869;0;0;0;1000000;1000000;33395;6331;944399;0;22206;0;0;0;0;0;0;0;0;0;22206;0;0;0;0;0;0;0;0;0;0;0;0;0;0;0;0;0;0;0;0;0;0;0;0;0;0;0;0;0;33;0;0;0;22207;0;0;0;0;0;0;00:00:00:000000;00:00:00:001000;00:00:00:000000;00:00:00:014000;00:01:39:809000;00:01:37:518000;00:00:00:003000;00:01:38:590000;
2025-10-29	17:11:53.239806	1761768713.239806;2025-10-29	17:38:43.885056	1761770323.885056;2025-10-29	17:38:53.888108	1761770333.888108;00:00:10;00:27:00;640;0;617.037;0;0;0;1000000;1000000;27064;6331;950730;0;22206;0;0;0;0;0;0;0;0;0;22206;0;0;0;0;0;0;0;0;0;0;0;0;0;0;0;0;0;0;0;0;0;0;0;0;0;0;0;0;0;33;0;0;0;22207;0;0;0;0;0;0;00:00:00:000000;00:00:00:001000;00:00:00:000000;00:00:00:014000;00:01:39:809000;00:01:37:533000;00:00:00:008000;00:01:38:650000;
2025-10-29	17:11:53.239806	1761768713.239806;2025-10-29	17:38:53.888267	1761770333.888267;2025-10-29	17:39:03.892721	1761770343.892721;00:00:10;00:27:10;640;0;613.252;0;0;0;1000000;1000000;20682;6382;957112;0;22206;0;0;0;0;0;0;0;0;0;22206;0;0;0;0;0;0;0;0;0;0;0;0;0;0;0;0;0;0;0;0;0;0;0;0;0;0;0;0;0;33;0;0;0;22207;0;0;0;0;0;0;00:00:00:000000;00:00:00:001000;00:00:00:000000;00:00:00:014000;00:01:39:808000;00:01:37:548000;00:00:00:003000;00:01:38:602000;
2025-10-29	17:11:53.239806	1761768713.239806;2025-10-29	17:39:03.892877	1761770343.892877;2025-10-29	17:39:13.896628	1761770353.896628;00:00:10;00:27:20;640;0;609.512;0;0;0;1000000;1000000;14326;6356;963468;0;22206;0;0;0;0;0;0;0;0;0;22206;0;0;0;0;0;0;0;0;0;0;0;0;0;0;0;0;0;0;0;0;0;0;0;0;0;0;0;0;0;33;0;0;0;22207;0;0;0;0;0;0;00:00:00:000000;00:00:00:001000;00:00:00:000000;00:00:00:014000;00:01:39:809000;00:01:37:563000;00:00:00:007000;00:01:38:649000;
2025-10-29	17:11:53.239806	1761768713.239806;2025-10-29	17:39:13.896747	1761770353.896747;2025-10-29	17:39:23.900274	1761770363.900274;00:00:10;00:27:30;640;0;605.818;0;0;0;1000000;1000000;7952;6374;969842;0;22206;0;0;0;0;0;0;0;0;0;22206;0;0;0;0;0;0;0;0;0;0;0;0;0;0;0;0;0;0;0;0;0;0;0;0;0;0;0;0;0;33;0;0;0;22207;0;0;0;0;0;0;00:00:00:000000;00:00:00:001000;00:00:00:000000;00:00:00:014000;00:01:39:809000;00:01:37:577000;00:00:00:007000;00:01:38:595000;
2025-10-29	17:11:53.239806	1761768713.239806;2025-10-29	17:39:23.900416	1761770363.900416;2025-10-29	17:39:33.904116	1761770373.904116;00:00:10;00:27:40;640;0;602.169;0;0;0;1000000;1000000;1553;6399;976241;0;22206;0;0;0;0;0;0;0;0;0;22206;0;0;0;0;0;0;0;0;0;0;0;0;0;0;0;0;0;0;0;0;0;0;0;0;0;0;0;0;0;33;0;0;0;22207;0;0;0;0;0;0;00:00:00:000000;00:00:00:001000;00:00:00:000000;00:00:00:014000;00:01:39:808000;00:01:37:591000;00:00:00:003000;00:01:38:629000;
2025-10-29	17:11:53.239806	1761768713.239806;2025-10-29	17:39:33.904291	1761770373.904291;2025-10-29	17:39:36.380652	1761770376.380652;00:00:02;00:27:43;640;0;601.272;0;0;0;1000000;1000000;0;1553;977794;0;22206;0;0;0;0;0;0;0;0;0;22206;0;0;0;0;0;0;0;0;0;0;0;0;0;0;0;0;0;0;0;0;0;0;0;0;0;0;0;0;0;33;0;0;0;22207;0;0;0;0;0;0;00:00:00:000000;00:00:00:001000;00:00:00:000000;00:00:00:014000;00:01:39:808000;00:01:37:595000;00:00:00:003000;00:01:38:665000;
2025-10-29	17:11:53.239806	1761768713.239806;2025-10-29	17:39:36.380719	1761770376.380719;2025-10-29	17:39:36.380985	1761770376.380985;00:00:00;00:27:43;640;0;601.272;0;0;0;1000000;1000000;0;0;977794;0;22206;0;0;0;0;0;0;0;0;0;22206;0;0;0;0;0;0;0;0;0;0;0;0;0;0;0;0;0;0;0;0;0;0;0;0;0;0;0;0;0;33;0;0;0;22207;0;0;0;0;0;0;00:00:00:000000;00:00:00:001000;00:00:00:000000;00:00:00:014000;00:00:00:000000;00:01:37:595000;00:00:00:000000;00:01:38:665000;
